element,sp_num,obs_wl_air(nm),unc_obs_wl,ritz_wl_air(nm),unc_ritz_wl,intens,Aki(s^-1),Acc,Ei(cm-1),Ek(cm-1),conf_i,term_i,J_i,conf_k,term_k,J_k,Type,tp_ref,line_ref,
Ac,4,206.200,0.010,,,20w,,,,,,,,,,,,,L7344,
Ac,2,206.4280,0.0013,,,14000h,,,,,,,,,,,,,L7344,
Ac,2,210.0000,0.0013,,,27000h,,,,,,,,,,,,,L7344,
Ac,2,210.2240,0.0013,,,3400h,,,,,,,,,,,,,L7344,
Ac,2,226.1749,0.0006,226.17478,0.00020,12000,2.04e+08,C+,0.00,44199.914,7s2,1S,0,7s.7p,1P*,1,,T10463,L7344,
Ac,2,230.7500,0.0013,,,9800h,,,,,,,,,,,,,L7344,
Ac,2,231.6060,0.0013,,,3500,,,,,,,,,,,,,L7344,
Ac,2,234.4871,0.0006,234.48721,0.00022,4100,8.e+06,E,7426.489,50059.68,6d.7s,3D,3,5f.6d,3D*,3,,T10463,L7344,
Ac,2,250.1391,0.0006,250.13942,0.00019,2500,8.e+06,E,4739.631,44705.290,6d.7s,3D,1,5f.6d,1D*,2,,T10463,L7344,
Ac,4,250.212,0.010,,,30w,,,,,,,,,,,,,L7344,
Ac,2,253.4851,0.0006,253.48546,0.00019,3800,6.0e+06,E,5267.147,44705.290,6d.7s,3D,2,5f.6d,1D*,2,,T10463,L7344,
Ac,4,255.808,0.010,,,100w,,,,,,,,,,,,,L7344,
Ac,3,262.6440,0.0006,262.6439,0.0006,300000h,3.97e+08,A,0.00,38063.01,7s,2S,1/2,7p,2P*,3/2,,"T9249,T8388",L7344,
Ac,2,263.0192,0.0007,263.01960,0.00021,36000,4.2e+07,C+,5267.147,43275.794,6d.7s,3D,2,5f.6d,3F*,3,,T10463,L7344,
Ac,2,265.7809,0.0007,265.78099,0.00021,47000c,4.61e+07,C+,7426.489,45040.26,6d.7s,3D,3,5f.6d,3F*,4,,T10463,L7344,
Ac,3,268.2900,0.0006,268.2899,0.0004,23000h,2.89e+07,A,800.97,38063.01,6d,2D,3/2,7p,2P*,3/2,,"T9249,T8388",L7344,
Ac,2,270.5609,0.0007,270.5616,0.0005,3300h,2.1e+07,E,19202.962,56152.16,6d2,3P,2,5f.6d,1P*,1,,T10463,L7344,
Ac,2,271.2502,0.0007,271.24967,0.00022,27000,1.8e+07,E,0.00,36855.480,7s2,1S,0,6d.7p,3P*,1,,T10463,L7344,
Ac,2,271.3718,0.0007,271.37154,0.00022,18000,1.4e+07,D,4739.631,41578.56,6d.7s,3D,1,5f.6d,3F*,2,,T10463,L7344,
Ac,2,272.6232,0.0007,272.62268,0.00016,20000,1.42e+07,D+,5267.147,41937.021,6d.7s,3D,2,6d.7p,1F*,3,,T10463,L7344,
Ac,2,272.9740,0.0013,272.9718,0.0006,5700h,2.85e+08,C+,22180.533,58803.51,7s.7p,3P*,1,6d.8s,1D,2,,T10463,L7344,
Ac,2,275.3150,0.0008,275.31412,0.00023,6300c,7.4e+06,E,5267.147,41578.56,6d.7s,3D,2,5f.6d,3F*,2,,T10463,L7344,
Ac,2,275.8369,0.0008,275.83671,0.00023,2500,,,13236.418,49479.04,6d2,3F,2,5f.6d,3D*,2,,,L7344,
Ac,2,276.0180,0.0013,276.0161,0.0004,12000hl,2.60e+08,C+,20956.42,57175.49,7s.7p,3P*,0,7p2,3P,1,,T10463,L7344,
Ac,2,278.1560,0.0013,278.1530,0.0005,7000hl,4.0e+07,C+,22180.533,58121.36,7s.7p,3P*,1,7s.7d,3D,2,,T10463,L7344,
Ac,2,278.8640,0.0008,278.86319,0.00023,2900,5.2e+06,E,7426.489,43275.794,6d.7s,3D,3,5f.6d,3F*,3,,T10463,L7344,
Ac,4,279.083,0.010,,,5w,,,,,,,,,,,,,L7344,
Ac,4,279.390,0.010,,,50w,,,,,,,,,,,,,L7344,
Ac,2,279.7590,0.0013,279.7590,0.0013,27000,2.57e+08,C+,20848.198,56582.72?,6d2,1G,4,5f.6d,1H*,5,,T10463,L7344,
Ac,2,279.8050,0.0013,,,2600h,,,,,,,,,,,,,L7344,
Ac,2,280.6759,0.0008,280.67602,0.00024,23000,3.5e+07,C+,9087.517,44705.290,6d.7s,1D,2,5f.6d,1D*,2,,T10463,L7344,
Ac,2,282.6270,0.0013,,,2500,,,,,,,,,,,,,L7344,
Ac,2,283.1560,0.0013,,,3400,,,,,,,,,,,,,L7344,
Ac,2,283.3472,0.0008,283.3481,0.0003,8500,3.2e+07,D+,13236.418,48518.32,6d2,3F,2,5f.6d,3D*,1,,T10463,L7344,
Ac,2,284.7160,0.0008,284.71601,0.00016,100000hl,2.68e+08,C+,9087.517,44199.914,6d.7s,1D,2,7s.7p,1P*,1,,T10463,L7344,
Ac,2,285.6730,0.0013,285.6715,0.0004,6800h,1.73e+08,C+,22180.533,57175.49,7s.7p,3P*,1,7p2,3P,1,,T10463,L7344,
Ac,2,286.4110,0.0013,286.4116,0.0007,1800h,6.3e+07,C+,29250.366,64154.91?,6d.7p,1P*,1,6d.7d,1D,2,,T10463,L7344,
Ac,2,289.5200,0.0008,289.5195,0.0003,8800,2.7e+07,C,14949.173,49479.04,6d2,3F,3,5f.6d,3D*,2,,T10463,L7344,
Ac,2,289.6820,0.0008,289.68171,0.00019,40000c,3.09e+07,C+,7426.489,41937.021,6d.7s,3D,3,6d.7p,1F*,3,,T10463,L7344,
Ac,2,290.5810,0.0013,290.5790,0.0004,2800h,5.9e+07,C+,29881.055,64285.02,6d.7p,3F*,3,6d.7d,3F,4,,T10463,L7344,
Ac,2,292.3019,0.0009,292.3011,0.0003,36000,1.76e+07,C+,7426.489,41627.78,6d.7s,3D,3,5f.6d,1G*,4,,T10463,L7344,
Ac,2,292.4121,0.0009,292.41234,0.00026,7200,,,9087.517,43275.794,6d.7s,1D,2,5f.6d,3F*,3,,,L7344,
Ac,2,293.1460,0.0013,293.1445,0.0005,7100hl,1.87e+08,C+,28201.120,62304.01,7s.7p,3P*,2,6d.7d,3D,2,,T10463,L7344,
Ac,2,293.5800,0.0009,293.5802,0.0004,2500,4.4e+06,E,19202.962,53255.25,6d2,3P,2,5f.6d,1F*,3,,T10463,L7344,
Ac,2,294.4421,0.0009,294.4410,0.0006,2300,8.6e+07,C+,22199.428,56152.16,6d2,1D,2,5f.6d,1P*,1,,T10463,L7344,
Ac,3,295.2550,0.0006,295.2551,0.0005,230000h,2.30e+08,A,4203.89,38063.01,6d,2D,5/2,7p,2P*,3/2,,"T9249,T8388",L7344,
Ac,2,295.8490,0.0013,295.8480,0.0006,3400hl,1.05e+08,C+,26446.928,60238.20,6d.7p,3F*,2,6d.7d,3F,2,,T10463,L7344,
Ac,2,296.6449,0.0009,296.6444,0.0003,2100h,6.1e+07,C+,29881.055,63581.61,6d.7p,3F*,3,6d.7d,3F,3,,T10463,L7344,
Ac,1,296.8819,0.0004,296.881417,0.000013,23,9.e+06,E,0.000,33673.650,6d.7s2,2D,3/2,6d2.(3P).7p,4D*,3/2,,T10463,L7344,
Ac,2,297.2491,0.0009,297.24926,0.00019,4000c,4.8e+06,E,4739.631,38371.612,6d.7s,3D,1,6d.7p,3P*,2,,T10463,L7344,
Ac,2,299.4170,0.0009,299.4165,0.0004,160000,2.82e+08,C+,0.00,33388.554,7s2,1S,0,6d.7p,3D*,1,,T10463,L7344,
Ac,2,299.6682,0.0009,299.66749,0.00027,5400hl,1.70e+08,C+,26446.928,59807.52,6d.7p,3F*,2,6d.7d,1F,3,,T10463,L7344,
Ac,2,300.1877,0.0009,300.1872,0.0004,11000,3.16e+07,C+,16756.847,50059.68,6d2,3F,4,5f.6d,3D*,3,,T10463,L7344,
Ac,2,301.5400,0.0013,301.5393,0.0004,2800h,2.44e+07,C,22180.533,55334.05,7s.7p,3P*,1,5f.7p,3F,2,,T10463,L7344,
Ac,2,301.9868,0.0009,301.98610,0.00017,110000c,7.3e+07,C+,5267.147,38371.612,6d.7s,3D,2,6d.7p,3P*,2,,T10463,L7344,
Ac,2,303.0459,0.0009,303.0453,0.0003,2400hl,8.7e+06,D+,29881.055,62869.82,6d.7p,3F*,3,5f.7p,1G,4,,T10463,L7344,
Ac,1,303.6930,0.0004,303.692940,0.000015,87,6.e+06,E,0.000,32918.416,6d.7s2,2D,3/2,6d2.(3P).7p,2D*,3/2,,T10463,L7344,
Ac,2,304.3301,0.0009,304.33006,0.00020,270000,2.44e+08,C+,9087.517,41937.021,6d.7s,1D,2,6d.7p,1F*,3,,T10463,L7344,
Ac,2,306.4251,0.0009,306.4252,0.0004,9800hl,1.04e+08,C+,26446.928,59071.84,6d.7p,3F*,2,5f.7p,1F,3,,T10463,L7344,
Ac,2,306.9361,0.0009,306.9362,0.0003,76000,1.80e+08,C+,13236.418,45807.01,6d2,3F,2,5f.6d,3G*,3,,T10463,L7344,
Ac,2,307.6171,0.0009,307.6170,0.0004,3600,1.7e+07,E,17737.032,50235.55,6d2,3P,0,5f.6d,3P*,1,,T10463,L7344,
Ac,1,307.6440,0.0004,307.643849,0.000017,280,5.e+06,E,0.000,32495.679,6d.7s2,2D,3/2,6d2.(3F).7p,2F*,5/2,,T10463,L7344,
Ac,2,307.6871,0.0009,307.6877,0.0003,11000,1.13e+07,D+,9087.517,41578.56,6d.7s,1D,2,5f.6d,3F*,2,,T10463,L7344,
Ac,2,307.8068,0.0009,307.8070,0.0003,65000,1.72e+08,C+,14949.173,47427.63,6d2,3F,3,5f.6d,3G*,4,,T10463,L7344,
Ac,2,308.0541,0.0009,308.05351,0.00028,2600h,1.0e+07,E,22180.533,54633.000,7s.7p,3P*,1,6d.8s,3D,2,,T10463,L7344,
Ac,1,308.2957,0.0006,308.295071,0.000015,16,,,2231.432,34658.472,6d.7s2,2D,5/2,6d2.(3F).7p,4D*,5/2,,,L7344,
Ac,2,308.4849,0.0010,308.4852,0.0005,6800*,5.4e+07,C+,20848.198,53255.25,6d2,1G,4,5f.6d,1F*,3,,T10463,L7344,
Ac,2,308.4849,0.0010,308.4853,0.0003,6800*,2.04e+07,C+,31174.565,63581.61,5f.7s,1F*,3,6d.7d,3F,3,,T10463,L7344,
Ac,2,308.6039,0.0010,308.6029,0.0005,60000,1.86e+08,C+,16756.847,49151.54,6d2,3F,4,5f.6d,3G*,5,,T10463,L7344,
Ac,2,308.7371,0.0010,308.7379,0.0003,90000,3.66e+07,C+,7426.489,39807.02,6d.7s,3D,3,5f.6d,3H*,4,,T10463,L7344,
Ac,2,310.0628,0.0010,310.0626,0.0005,4800,1.0e+07,E,19015.283,51257.48,6d2,3P,1,5f.6d,3P*,2,,T10463,L7344,
Ac,1,310.9330,0.0013,,,83,,,,,,,,,,,,,L7344,
Ac,1,311.1570,0.0004,311.156829,0.000017,420,1.0e+07,E,2231.432,34360.247,6d.7s2,2D,5/2,6d2.(1G).7p,2G*,7/2,,T10463,L7344,
Ac,2,311.2830,0.0010,311.28246,0.00021,140000,1.90e+08,C+,4739.631,36855.480,6d.7s,3D,1,6d.7p,3P*,1,,T10463,L7344,
Ac,2,311.8781,0.0010,311.8781,0.0004,11000,7.5e+07,C+,19202.962,51257.48,6d2,3P,2,5f.6d,3P*,2,,T10463,L7344,
Ac,2,312.0157,0.0010,312.0157,0.0003,84000,3.45e+08,C+,4739.631,36780.01,6d.7s,3D,1,6d.7p,3P*,0,,T10463,L7344,
Ac,2,313.2040,0.0013,,,1400,,,,,,,,,,,,,L7344,
Ac,1,314.0720,0.0013,,,100,,,,,,,,,,,,,L7344,
Ac,1,314.3710,0.0004,314.370884,0.000018,1100,4.3e+07,D+,0.000,31800.350,6d.7s2,2D,3/2,5f.7s2,2F*,5/2,,T10463,L7344,
Ac,2,315.3092,0.0010,315.30877,0.00020,300000c,2.69e+08,C+,5267.147,36972.910,6d.7s,3D,2,6d.7p,3D*,3,,T10463,L7344,
Ac,2,315.4149,0.0010,315.4133,0.0003,2200,8.3e+07,C+,31174.565,62869.82,5f.7s,1F*,3,5f.7p,1G,4,,T10463,L7344,
Ac,2,315.4410,0.0006,315.44087,0.00024,330000c,3.01e+08,C+,7426.489,39118.975,6d.7s,3D,3,6d.7p,3F*,4,,T10463,L7344,
Ac,2,315.8880,0.0013,,,1900hl,,,,,,,,,,,,,L7344,
Ac,2,316.3010,0.0006,316.3001,0.0003,1500h,3.30e+07,C+,28201.120,59807.52,7s.7p,3P*,2,6d.7d,1F,3,,T10463,L7344,
Ac,2,316.4810,0.0006,316.48098,0.00020,130000cs,1.32e+08,C+,5267.147,36855.480,6d.7s,3D,2,6d.7p,3P*,1,,T10463,L7344,
Ac,1,317.1170,0.0004,317.116577,0.000018,1200,,,2231.432,33756.455,6d.7s2,2D,5/2,6d2.(3F).7p,2F*,7/2,,,L7344,
Ac,1,317.4224,0.0004,317.422119,0.000016,160,,,0.000,31494.679,6d.7s2,2D,3/2,6d2.(3F).7p,4F*,5/2,,,L7344,
Ac,1,317.4690,0.0013,,,110,,,,,,,,,,,,,L7344,
Ac,2,317.6830,0.0006,317.68244,0.00024,5800,8.9e+06,D,13236.418,44705.290,6d2,3F,2,5f.6d,1D*,2,,T10463,L7344,
Ac,1,317.9520,0.0004,317.951753,0.000017,33,,,2231.432,33673.650,6d.7s2,2D,5/2,6d2.(3P).7p,4D*,3/2,,,L7344,
Ac,1,318.2520,0.0013,,,100,,,,,,,,,,,,,L7344,
Ac,2,319.3680,0.0013,,,1100,,,,,,,,,,,,,L7344,
Ac,2,320.2120,0.0006,320.2122,0.0004,5200,6.4e+07,C+,19015.283,50235.55,6d2,3P,1,5f.6d,3P*,1,,T10463,L7344,
Ac,2,320.4870,0.0006,320.4874,0.0004,8300cs,2.21e+08,C+,22180.533,53373.99,7s.7p,3P*,1,7s.8s,1S,0,,T10463,L7344,
Ac,2,321.1990,0.0013,321.1990,0.0013,11000,8.0e+07,C+,28201.120,59325.48?,7s.7p,3P*,2,7s.7d,3D,3,,T10463,L7344,
Ac,1,321.6450,0.0013,,,130,,,,,,,,,,,,,L7344,
Ac,2,321.9080,0.0006,321.9078,0.0005,19000h,1.51e+08,C+,22199.428,53255.25,6d2,1D,2,5f.6d,1F*,3,,T10463,L7344,
Ac,2,322.1491,0.0006,322.1489,0.0004,4200,5.9e+07,C+,19202.962,50235.55,6d2,3P,2,5f.6d,3P*,1,,T10463,L7344,
Ac,4,322.47,0.10,,,20l,,,,,,,,,,,,,L7344,
Ac,2,322.6140,0.0013,322.6141,0.0007,1900,1.17e+08,C+,29250.366,60238.20,6d.7p,1P*,1,6d.7d,3F,2,,T10463,L7344,
Ac,2,322.8670,0.0006,322.86774,0.00024,1400,,,13236.418,44199.914,6d2,3F,2,7s.7p,1P*,1,,,L7344,
Ac,2,323.0591,0.0006,323.05944,0.00020,140000cs,1.36e+08,C+,7426.489,38371.612,6d.7s,3D,3,6d.7p,3P*,2,,T10463,L7344,
Ac,2,323.7700,0.0006,323.77071,0.00018,65000cs,2.19e+07,C+,5267.147,36144.291,6d.7s,3D,2,5f.7s,3F*,3,,T10463,L7344,
Ac,2,323.8390,0.0006,323.8381,0.0004,820h,2.9e+06,E,28201.120,59071.84,7s.7p,3P*,2,5f.7p,1F,3,,T10463,L7344,
Ac,2,323.9731,0.0006,323.9733,0.0003,4200,1.38e+07,C,14949.173,45807.01,6d2,3F,3,5f.6d,3G*,3,,T10463,L7344,
Ac,2,323.9860,0.0006,323.9850,0.0003,17000,1.31e+08,C+,19202.962,50059.68,6d2,3P,2,5f.6d,3D*,3,,T10463,L7344,
Ac,2,324.7790,0.0006,324.7790,0.0004,4100,8.8e+07,C+,17737.032,48518.32,6d2,3P,0,5f.6d,3D*,1,,T10463,L7344,
Ac,2,324.9480,0.0006,324.9480,0.0006,2500c,1.40e+08,C+,19015.283,49780.56,6d2,3P,1,5f.6d,3P*,0,,T10463,L7344,
Ac,2,325.3840,0.0009,325.3827,0.0005,4300cl,4.6e+07,C+,20956.42,51680.60,7s.7p,3P*,0,7s.8s,3S,1,,T10463,L7344,
Ac,1,325.7769,0.0004,325.777112,0.000019,55,,,2231.432,32918.416,6d.7s2,2D,5/2,6d2.(3P).7p,2D*,3/2,,,L7344,
Ac,2,325.9490,0.0006,325.9492,0.0003,4400,1.30e+07,C+,16756.847,47427.63,6d2,3F,4,5f.6d,3G*,4,,T10463,L7344,
Ac,2,326.0910,0.0006,326.09060,0.00022,220000,2.39e+08,C+,4739.631,35397.115,6d.7s,3D,1,5f.7s,3F*,2,,T10463,L7344,
Ac,2,328.1650,0.0006,328.1644,0.0003,9800,1.10e+08,C+,19015.283,49479.04,6d2,3P,1,5f.6d,3D*,2,,T10463,L7344,
Ac,1,328.8900,0.0004,328.88969,0.00003,270,2.0e+07,E,0.000,30396.575,6d.7s2,2D,3/2,6d2.(3F).7p,4F*,3/2,,T10463,L7344,
Ac,2,329.7140,0.0013,329.7146,0.0007,900h,8.6e+07,C+,38371.612,68692.14,6d.7p,3P*,2,7p2,1D,2,,T10463,L7344,
Ac,2,330.1930,0.0006,330.1922,0.0003,1800c,8.0e+07,C+,33304.935,63581.61,6d.7p,3D*,2,6d.7d,3F,3,,T10463,L7344,
Ac,1,330.2370,0.0013,,,200,,,,,,,,,,,,,L7344,
Ac,1,330.3281,0.0004,330.327787,0.000022,330,6.e+06,E,2231.432,32495.679,6d.7s2,2D,5/2,6d2.(3F).7p,2F*,5/2,,T10463,L7344,
Ac,2,331.1600,0.0013,,,1100h,,,,,,,,,,,,,L7344,
Ac,2,331.8010,0.0006,331.79999,0.00021,67000c,3.06e+07,C+,5267.147,35397.115,6d.7s,3D,2,5f.7s,3F*,2,,T10463,L7344,
Ac,1,332.0650,0.0013,,,320,,,,,,,,,,,,,L7344,
Ac,2,332.2290,0.0006,332.2287,0.0003,9300,1.15e+07,C+,14949.173,45040.26,6d2,3F,3,5f.6d,3F*,4,,T10463,L7344,
Ac,2,332.8010,0.0006,332.8007,0.0003,7200,9.7e+06,C,13236.418,43275.794,6d2,3F,2,5f.6d,3F*,3,,T10463,L7344,
Ac,1,333.0260,0.0013,,,80,,,,,,,,,,,,,L7344,
Ac,2,333.1500,0.0006,333.1490,0.0003,4600,1.27e+08,C+,29881.055,59889.02,6d.7p,3F*,3,5f.7p,3F,4,,T10463,L7344,
Ac,2,334.1250,0.0013,334.1258,0.0008,1400hl,5.8e+07,C+,28201.120,58121.36,7s.7p,3P*,2,7s.7d,3D,2,,T10463,L7344,
Ac,2,334.2310,0.0013,,,1400h,,,,,,,,,,,,,L7344,
Ac,2,334.3041,0.0006,334.3039,0.0003,2500h,9.1e+07,C+,32965.512,62869.82,5f.7s,3F*,4,5f.7p,1G,4,,T10463,L7344,
Ac,1,335.0060,0.0013,,,83,,,,,,,,,,,,,L7344,
Ac,2,335.9680,0.0006,335.9688,0.0003,1300,5.1e+06,E,14949.173,44705.290,6d2,3F,3,5f.6d,1D*,2,,T10463,L7344,
Ac,2,336.119,0.003,336.1125,0.0003,2000h,2.42e+07,C+,28201.120,57944.517,7s.7p,3P*,2,5f.7p,3F,3,,T10463,L7344,
Ac,1,338.0960,0.0004,338.095878,0.000023,340,7.e+06,E,2231.432,31800.350,6d.7s2,2D,5/2,5f.7s2,2F*,5/2,,T10463,L7344,
Ac,2,338.3530,0.0006,338.35332,0.00023,69000,3.97e+07,C+,7426.489,36972.910,6d.7s,3D,3,6d.7p,3D*,3,,T10463,L7344,
Ac,2,338.8511,0.0006,338.8509,0.0005,1200,2.3e+07,C,19015.283,48518.32,6d2,3P,1,5f.6d,3D*,1,,T10463,L7344,
Ac,2,338.8850,0.0009,338.8850,0.0006,2500c,1.00e+08,C+,22180.533,51680.60,7s.7p,3P*,1,7s.8s,3S,1,,T10463,L7344,
Ac,1,339.1410,0.0013,,,55,,,,,,,,,,,,,L7344,
Ac,3,339.2780,0.0013,339.2782,0.0010,78000Dh,1.90e+08,A,0.00,29465.88,7s,2S,1/2,7p,2P*,1/2,,"T9249,T8388",L7344,
Ac,2,339.6920,0.0013,339.6907,0.0007,3900hl,8.1e+07,C+,28201.120,57631.22,7s.7p,3P*,2,6d.8s,3D,3,,T10463,L7344,
Ac,2,340.2110,0.0006,340.2102,0.0003,1300h,3.55e+07,C+,32965.512,62350.67,5f.7s,3F*,4,6d.7d,3D,3,,T10463,L7344,
Ac,2,341.3840,0.0006,341.38437,0.00021,100000,1.15e+08,C+,9087.517,38371.612,6d.7s,1D,2,6d.7p,3P*,2,,T10463,L7344,
Ac,1,341.6271,0.0004,341.627590,0.000021,390,1.9e+07,D,2231.432,31494.679,6d.7s2,2D,5/2,6d2.(3F).7p,4F*,5/2,,T10463,L7344,
Ac,2,341.7771,0.0006,341.7780,0.0004,190000,1.11e+08,C+,0.00,29250.366,7s2,1S,0,6d.7p,1P*,1,,T10463,L7344,
Ac,2,343.9250,0.0013,,,1900,,,,,,,,,,,,,L7344,
Ac,2,344.0400,0.0006,344.0401,0.0005,4800,5.2e+07,C+,22199.428,51257.48,6d2,1D,2,5f.6d,3P*,2,,T10463,L7344,
Ac,1,344.6250,0.0013,344.62496,0.00015,640,3.6e+07,C,2231.432,31240.17,6d.7s2,2D,5/2,5f.7s2,2F*,7/2,,T10463,L7344,
Ac,2,346.0770,0.0013,346.0759,0.0005,9000,1.00e+08,C+,26446.928,55334.05,6d.7p,3F*,2,5f.7p,3F,2,,T10463,L7344,
Ac,2,348.1161,0.0006,348.11641,0.00021,230000c,1.31e+08,C+,7426.489,36144.291,6d.7s,3D,3,5f.7s,3F*,3,,T10463,L7344,
Ac,2,348.1560,0.0006,348.1570,0.0004,2100,2.69e+07,C+,31174.565,59889.02,5f.7s,1F*,3,5f.7p,3F,4,,T10463,L7344,
Ac,2,348.3249,0.0006,348.32503,0.00024,3500,,,13236.418,41937.021,6d2,3F,2,6d.7p,1F*,3,,,L7344,
Ac,3,348.7590,0.0013,348.7588,0.0011,99000,1.58e+08,A,800.97,29465.88,6d,2D,3/2,7p,2P*,1/2,,"T9249,T8388",L7344,
Ac,2,348.9531,0.0006,348.9534,0.0003,99000,8.2e+07,C+,4739.631,33388.554,6d.7s,3D,1,6d.7p,3D*,1,,T10463,L7344,
Ac,2,349.1470,0.0006,349.1480,0.0004,640h,,,31174.565,59807.52,5f.7s,1F*,3,6d.7d,1F,3,,,L7344,
Ac,2,349.9750,0.0006,349.97491,0.00025,3600,,,4739.631,33304.935,6d.7s,3D,1,6d.7p,3D*,2,,,L7344,
Ac,1,350.6250,0.0013,,,130,,,,,,,,,,,,,L7344,
Ac,2,351.3730,0.0013,351.3730,0.0014,6400hl,1.49e+08,C+,32965.512,61417.16?,5f.7s,3F*,4,6d.7d,3G,5,,T10463,L7344,
Ac,2,351.6970,0.0013,,,3100hl,,,,,,,,,,,,,L7344,
Ac,2,352.7310,0.0006,352.73065,0.00025,31000,4.63e+07,C+,13236.418,41578.56,6d2,3F,2,5f.6d,3F*,2,,T10463,L7344,
Ac,2,352.9239,0.0006,352.9239,0.0003,32000,5.6e+07,C+,14949.173,43275.794,6d2,3F,3,5f.6d,3F*,3,,T10463,L7344,
Ac,2,353.2140,0.0006,353.2142,0.0005,2200,2.5e+06,E,20848.198,49151.54,6d2,1G,4,5f.6d,3G*,5,,T10463,L7344,
Ac,2,353.3980,0.0013,353.3976,0.0009,2100h,8.2e+07,C+,26446.928,54735.58,6d.7p,3F*,2,6d.8s,3D,1,,T10463,L7344,
Ac,2,353.4630,0.0006,353.4631,0.0004,35000,4.75e+07,C+,16756.847,45040.26,6d2,3F,4,5f.6d,3F*,4,,T10463,L7344,
Ac,2,354.5441,0.0006,354.5445,0.0003,1800,,,26446.928,54644.074,6d.7p,3F*,2,5f.7p,3G,3,,,L7344,
Ac,2,354.6830,0.0006,354.6838,0.0003,2300,6.4e+06,E,26446.928,54633.000,6d.7p,3F*,2,6d.8s,3D,2,,T10463,L7344,
Ac,2,354.7070,0.0015,354.7037,0.0005,650,,,35397.115,63581.61,5f.7s,3F*,2,6d.7d,3F,3,,,L7344,
Ac,1,354.9470,0.0004,354.94739,0.00004,140,,,2231.432,30396.575,6d.7s2,2D,5/2,6d2.(3F).7p,4F*,3/2,,,L7344,
Ac,2,355.2550,0.0013,355.2553,0.0006,1800hl,9.7e+07,C+,36144.291,64285.02,5f.7s,3F*,3,6d.7d,3F,4,,T10463,L7344,
Ac,2,355.4990,0.0006,355.4994,0.0003,90000,3.44e+07,C+,5267.147,33388.554,6d.7s,3D,2,6d.7p,3D*,1,,T10463,L7344,
Ac,2,356.2330,0.0006,356.2335,0.0003,4200,4.9e+07,C+,29881.055,57944.517,6d.7p,3F*,3,5f.7p,3F,3,,T10463,L7344,
Ac,2,356.5590,0.0006,356.55969,0.00023,310000,9.0e+07,C+,5267.147,33304.935,6d.7s,3D,2,6d.7p,3D*,2,,T10463,L7344,
Ac,2,357.9530,0.0006,357.9529,0.0004,3200hl,4.8e+07,C+,31878.854,59807.52,6d.7p,1D*,2,6d.7d,1F,3,,T10463,L7344,
Ac,2,358.3550,0.0006,358.3557,0.0004,4500hl,8.0e+07,C+,31174.565,59071.84,5f.7s,1F*,3,5f.7p,1F,3,,T10463,L7344,
Ac,2,358.5090,0.0006,358.50836,0.00024,5100,4.8e+06,D+,9087.517,36972.910,6d.7s,1D,2,6d.7p,3D*,3,,T10463,L7344,
Ac,2,358.8310,0.0006,358.8319,0.0004,950,,,22199.428,50059.68,6d2,1D,2,5f.6d,3D*,3,,,L7344,
Ac,2,359.5750,0.0006,359.5749,0.0004,3300,1.58e+07,C+,29881.055,57683.74,6d.7p,3F*,3,5f.7p,3G,4,,T10463,L7344,
Ac,2,360.0240,0.0006,360.02453,0.00025,820,,,9087.517,36855.480,6d.7s,1D,2,6d.7p,3P*,1,,,L7344,
Ac,2,364.3621,0.0006,364.3633,0.0004,1900hl,7.8e+07,C+,36144.291,63581.61,5f.7s,3F*,3,6d.7d,3F,3,,T10463,L7344,
Ac,1,364.4420,0.0013,,,83,,,,,,,,,,,,,L7344,
Ac,1,365.3490,0.0013,,,41,,,,,,,,,,,,,L7344,
Ac,2,366.0320,0.0013,366.0337,0.0007,750h,1.87e+07,C+,36972.910,64285.02,6d.7p,3D*,3,6d.7d,3F,4,,T10463,L7344,
Ac,2,366.2040,0.0013,366.2037,0.0011,840h,8.2e+06,D+,36855.480,64154.91?,6d.7p,3P*,1,6d.7d,1D,2,,T10463,L7344,
Ac,1,366.2350,0.0013,,,100,,,,,,,,,,,,,L7344,
Ac,2,366.4690,0.0006,366.4697,0.0004,1600,3.4e+06,E,22199.428,49479.04,6d2,1D,2,5f.6d,3D*,2,,T10463,L7344,
Ac,2,366.9880,0.0013,366.9879,0.0007,700h,4.5e+06,E,29250.366,56491.46,6d.7p,1P*,1,7s.7d,1D,2,,T10463,L7344,
Ac,2,367.9690,0.0013,367.9686,0.0009,1100h,6.6e+07,C+,35397.115,62565.61,5f.7s,3F*,2,5f.7p,3D,1,,T10463,L7344,
Ac,2,368.3660,0.0006,368.36552,0.00024,6300,4.3e+06,E,4739.631,31878.854,6d.7s,3D,1,6d.7p,1D*,2,,T10463,L7344,
Ac,2,368.5170,0.0013,,,430,,,,,,,,,,,,,L7344,
Ac,2,369.0670,0.0013,,,2100hl,,,,,,,,,,,,,L7344,
Ac,1,369.2360,0.0013,,,100,,,,,,,,,,,,,L7344,
Ac,2,369.4880,0.0006,369.48805,0.00022,24000,1.70e+07,C+,9087.517,36144.291,6d.7s,1D,2,5f.7s,3F*,3,,T10463,L7344,
Ac,1,370.1300,0.0004,370.12988,0.00003,2100,7.e+06,E,0.000,27009.857,6d.7s2,2D,3/2,6d2.(3F).7p,4G*,5/2,,T10463,L7344,
Ac,2,370.4320,0.0006,370.4317,0.0003,1700,,,14949.173,41937.021,6d2,3F,3,6d.7p,1F*,3,,,L7344,
Ac,2,370.9030,0.0006,370.9030,0.0004,510,1.54e+07,C+,35397.115,62350.67,5f.7s,3F*,2,6d.7d,3D,3,,T10463,L7344,
Ac,2,371.0280,0.0013,,,620,,,,,,,,,,,,,L7344,
Ac,2,371.1820,0.0013,371.1825,0.0010,1100h,9.4e+06,D+,33304.935,60238.20,6d.7p,3D*,2,6d.7d,3F,2,,T10463,L7344,
Ac,2,371.3000,0.0013,371.3012,0.0011,1800,3.62e+07,C+,31878.854,58803.51,6d.7p,1D*,2,6d.8s,1D,2,,T10463,L7344,
Ac,2,371.3170,0.0006,371.3170,0.0004,1100h,3.45e+07,C+,32965.512,59889.02,5f.7s,3F*,4,5f.7p,3F,4,,T10463,L7344,
Ac,1,372.5248,0.0004,372.52513,0.00003,110,,,0.000,26836.194,6d.7s2,2D,3/2,6d.7s.(1D).7p,2D*,5/2,,,L7344,
Ac,2,373.4470,0.0006,373.4470,0.0003,760h,3.68e+07,C+,31174.565,57944.517,5f.7s,1F*,3,5f.7p,3F,3,,T10463,L7344,
Ac,1,373.5950,0.0013,,,100,,,,,,,,,,,,,L7344,
Ac,2,373.6550,0.0013,373.6540,0.0008,810h,1.52e+08,C+,41937.021,68692.14,6d.7p,1F*,3,7p2,1D,2,,T10463,L7344,
Ac,2,374.0670,0.0006,374.0677,0.0004,400,2.04e+07,C+,36144.291,62869.82,5f.7s,3F*,3,5f.7p,1G,4,,T10463,L7344,
Ac,2,374.7250,0.0009,374.7256,0.0004,740,,,14949.173,41627.78,6d2,3F,3,5f.6d,1G*,4,,,L7344,
Ac,2,375.4180,0.0006,375.4183,0.0003,2200,3.9e+06,E,14949.173,41578.56,6d2,3F,3,5f.6d,3F*,2,,T10463,L7344,
Ac,2,375.6670,0.0006,375.66770,0.00023,87000c,2.54e+07,C+,5267.147,31878.854,6d.7s,3D,2,6d.7p,1D*,2,,T10463,L7344,
Ac,2,376.1241,0.0006,376.1239,0.0004,2400,1.5e+06,E,20848.198,47427.63,6d2,1G,4,5f.6d,3G*,4,,T10463,L7344,
Ac,1,376.7800,0.0003,,,600,,,,,,,,,,,,,L7344,
Ac,2,376.9820,0.0006,376.9818,0.0003,3200,5.8e+06,D+,16756.847,43275.794,6d2,3F,4,5f.6d,3F*,3,,T10463,L7344,
Ac,2,377.1210,0.0006,377.1207,0.0004,400h,,,31174.565,57683.74,5f.7s,1F*,3,5f.7p,3G,4,,,L7344,
Ac,2,377.1640,0.0013,377.1638,0.0009,2400h,3.15e+07,C+,36144.291,62650.44,5f.7s,3F*,3,6d.7d,3G,4,,T10463,L7344,
Ac,2,377.2144,0.0006,377.2145,0.0004,1300h,4.19e+07,C+,33304.935,59807.52,6d.7p,3D*,2,6d.7d,1F,3,,T10463,L7344,
Ac,2,377.4310,0.0013,,,390,,,,,,,,,,,,,L7344,
Ac,2,377.7799,0.0006,377.7805,0.0004,480h,5.2e+06,E,17737.032,44199.914,6d2,3P,0,7s.7p,1P*,1,,T10463,L7344,
Ac,2,378.4010,0.0013,378.4008,0.0010,1000h,3.35e+07,C+,33304.935,59724.44,6d.7p,3D*,2,7p2,3P,2,,T10463,L7344,
Ac,2,378.8660,0.0013,,,390h,,,,,,,,,,,,,L7344,
Ac,1,379.5860,0.0010,379.58699,0.00003,430,4.e+06,E,2231.432,28568.376,6d.7s2,2D,5/2,6d2.(3F).7p,4G*,7/2,,T10463,L7344,
Ac,2,379.6020,0.0013,379.6022,0.0010,520,1.56e+07,C+,33388.554,59724.44,6d.7p,3D*,1,7p2,3P,2,,T10463,L7344,
Ac,2,379.9819,0.0006,379.9815,0.0003,38000,2.99e+07,C+,9087.517,35397.115,6d.7s,1D,2,5f.7s,3F*,2,,T10463,L7344,
Ac,2,380.5051,0.0006,380.5051,0.0004,2800hl,2.47e+08,C+,39118.975,65392.37,6d.7p,3F*,4,5f.7p,3G,5,,T10463,L7344,
Ac,2,380.9520,0.0013,380.9530,0.0010,1300h,1.03e+08,C+,31878.854,58121.36,6d.7p,1D*,2,7s.7d,3D,2,,T10463,L7344,
Ac,1,381.4360,0.0013,,,730,,,,,,,,,,,,,L7344,
Ac,2,381.4781,0.0006,381.4782,0.0004,960hl,4.52e+07,C+,36144.291,62350.67,5f.7s,3F*,3,6d.7d,3D,3,,T10463,L7344,
Ac,2,383.2720,0.0013,383.2727,0.0006,510,,,29250.366,55334.05,6d.7p,1P*,1,5f.7p,3F,2,,,L7344,
Ac,2,383.4800,0.0013,383.4800,0.0013,3100hl,2.20e+08,C+,35397.115,61466.70?,5f.7s,3F*,2,6d.7d,3G,3,,T10463,L7344,
Ac,1,383.5320,0.0004,383.53206,0.00004,1900,4.78e+07,D+,0.000,26066.045,6d.7s2,2D,3/2,6d.7s.(1D).7p,2P*,3/2,,T10463,L7344,
Ac,1,384.3040,0.0013,384.30400,0.00019,6600,1.58e+08,B,2231.432,28245.12,6d.7s2,2D,5/2,6d.7s.(3D).7p,2P*,3/2,,T10463,L7344,
Ac,2,385.0910,0.0013,385.0914,0.0009,2500hl,8.0e+07,C+,38371.612,64332.11,6d.7p,3P*,2,5f.7p,3D,3,,T10463,L7344,
Ac,2,385.8799,0.0006,385.88042,0.00024,370,,,5267.147,31174.565,6d.7s,3D,2,5f.7s,1F*,3,,,L7344,
Ac,2,386.3119,0.0006,386.3124,0.0003,300000c,7.1e+07,C+,7426.489,33304.935,6d.7s,3D,3,6d.7p,3D*,2,,T10463,L7344,
Ac,2,387.7030,0.0013,387.7035,0.0011,980,6.2e+07,C+,36780.01,62565.61,6d.7p,3P*,0,5f.7p,3D,1,,T10463,L7344,
Ac,2,387.982,0.003,387.9848,0.0006,260h,6.7e+06,C,33304.935,59071.84,6d.7p,3D*,2,5f.7p,1F,3,,T10463,L7344,
Ac,1,388.5559,0.0004,388.55592,0.00006,9000,2.69e+08,B,0.000,25729.03,6d.7s2,2D,3/2,6d.7s.(3D).7p,2P*,1/2,,T10463,L7344,
Ac,2,389.3350,0.0013,389.3352,0.0009,8000hl,2.08e+08,C+,36972.910,62650.44,6d.7p,3D*,3,6d.7d,3G,4,,T10463,L7344,
Ac,2,390.7380,0.0006,390.7380,0.0005,970h,2.75e+07,C+,39807.02,65392.37,5f.6d,3H*,4,5f.7p,3G,5,,T10463,L7344,
Ac,2,391.4470,0.0006,391.4468,0.0003,24000,7.6e+06,C+,7426.489,32965.512,6d.7s,3D,3,5f.7s,3F*,4,,T10463,L7344,
Ac,2,392.0100,0.0006,392.0101,0.0004,6500,2.32e+07,C+,19202.962,44705.290,6d2,3P,2,5f.6d,1D*,2,,T10463,L7344,
Ac,2,392.2730,0.0013,392.2733,0.0011,1400h,3.76e+07,C+,29250.366,54735.58,6d.7p,1P*,1,6d.8s,3D,1,,T10463,L7344,
Ac,2,392.8390,0.0013,392.8388,0.0009,1600hl,7.4e+07,C+,36855.480,62304.01,6d.7p,3P*,1,6d.7d,3D,2,,T10463,L7344,
Ac,1,392.9520,0.0004,392.95221,0.00004,92,5.e+06,E,9217.288,34658.472,6d2.(3F).7s,4F,3/2,6d2.(3F).7p,4D*,5/2,,T10463,L7344,
Ac,2,393.8579,0.0006,393.8587,0.0003,1800h,9.3e+06,C,29250.366,54633.000,6d.7p,1P*,1,6d.8s,3D,2,,T10463,L7344,
Ac,2,394.6590,0.0013,394.6599,0.0009,610h,3.85e+07,C+,36972.910,62304.01,6d.7p,3D*,3,6d.7d,3D,2,,T10463,L7344,
Ac,2,395.1980,0.0013,395.1976,0.0006,2400hl,5.8e+07,C+,31878.854,57175.49,6d.7p,1D*,2,7p2,3P,1,,T10463,L7344,
Ac,2,396.5070,0.0013,396.5065,0.0009,940h,3.11e+07,C+,39118.975,64332.11,6d.7p,3F*,4,5f.7p,3D,3,,T10463,L7344,
Ac,2,397.2490,0.0013,397.2484,0.0008,700h,4.32e+07,C+,39118.975,64285.02,6d.7p,3F*,4,6d.7d,3F,4,,T10463,L7344,
Ac,2,397.7361,0.0006,397.7360,0.0003,13000,1.0e+07,C,13236.418,38371.612,6d2,3F,2,6d.7p,3P*,2,,T10463,L7344,
Ac,2,399.9360,0.0006,399.9357,0.0004,6000hl,1.93e+07,C+,19202.962,44199.914,6d2,3P,2,7s.7p,1P*,1,,T10463,L7344,
Ac,2,400.2230,0.0006,400.2230,0.0004,1700hl,1.89e+07,C+,32965.512,57944.517,5f.7s,3F*,4,5f.7p,3F,3,,T10463,L7344,
Ac,1,400.3790,0.0013,,,52,,,,,,,,,,,,,L7344,
Ac,1,400.4639,0.0004,400.46390,0.00005,360,1.1e+07,D+,10906.027,35870.009,6d2.(3F).7s,4F,7/2,6d2.(3F).7p,4D*,7/2,,T10463,L7344,
Ac,2,400.5470,0.0006,400.5469,0.0005,1500,7.0e+06,C,20848.198,45807.01,6d2,1G,4,5f.6d,3G*,3,,T10463,L7344,
Ac,1,401.5220,0.0013,401.52147,0.00015,370,,,9863.589,34761.82,6d2.(3F).7s,4F,5/2,6d2.(3P).7p,4P*,3/2,,,L7344,
Ac,2,401.9640,0.0012,401.9622,0.0006,8700,1.20e+07,C+,16756.847,41627.78,6d2,3F,4,5f.6d,1G*,4,,T10463,L7344,
Ac,2,402.3090,0.0013,,,770,,,,,,,,,,,,,L7344,
Ac,1,403.1948,0.0004,403.19509,0.00003,510,3.96e+07,B,9863.589,34658.472,6d2.(3F).7s,4F,5/2,6d2.(3F).7p,4D*,5/2,,T10463,L7344,
Ac,1,403.4630,0.0004,403.46290,0.00003,3500,,,2231.432,27009.857,6d.7s2,2D,5/2,6d2.(3F).7p,4G*,5/2,,,L7344,
Ac,2,403.7150,0.0009,403.7139,0.0004,600h,2.18e+07,C+,29881.055,54644.074,6d.7p,3F*,3,5f.7p,3G,3,,T10463,L7344,
Ac,2,403.8930,0.0009,403.8945,0.0003,46h,2.26e+07,C+,29881.055,54633.000,6d.7p,3F*,3,6d.8s,3D,2,,T10463,L7344,
Ac,2,404.4450,0.0009,404.4455,0.0005,300hl,6.0e+07,C+,32965.512,57683.74,5f.7s,3F*,4,5f.7p,3G,4,,T10463,L7344,
Ac,2,405.0060,0.0013,,,340,,,,,,,,,,,,,L7344,
Ac,2,405.3060,0.0012,405.3067,0.0010,290hl,6.6e+07,C+,32965.512,57631.22,5f.7s,3F*,4,6d.8s,3D,3,,T10463,L7344,
Ac,2,405.7360,0.0009,405.7364,0.0004,68h,1.39e+07,C+,33304.935,57944.517,6d.7p,3D*,2,5f.7p,3F,3,,T10463,L7344,
Ac,2,405.8380,0.0013,,,420h,,,,,,,,,,,,,L7344,
Ac,2,406.1600,0.0009,406.1597,0.0003,7900c,1.39e+07,C+,5267.147,29881.055,6d.7s,3D,2,6d.7p,3F*,3,,T10463,L7344,
Ac,1,406.3100,0.0004,406.31064,0.00003,3700,1.24e+08,B,2231.432,26836.194,6d.7s2,2D,5/2,6d.7s.(1D).7p,2D*,5/2,,T10463,L7344,
Ac,2,407.8699,0.0009,407.8693,0.0003,3700,1.09e+07,D+,4739.631,29250.366,6d.7s,3D,1,6d.7p,1P*,1,,T10463,L7344,
Ac,1,408.1040,0.0004,408.10373,0.00005,83,4.e+06,E,9863.589,34360.247,6d2.(3F).7s,4F,5/2,6d2.(1G).7p,2G*,7/2,,T10463,L7344,
Ac,2,408.1770,0.0013,408.1776,0.0010,91h,1.09e+08,C+,44199.914,68692.14,7s.7p,1P*,1,7p2,1D,2,,T10463,L7344,
Ac,1,408.7759,0.0004,408.77617,0.00005,240,3.0e+07,D+,9217.288,33673.650,6d2.(3F).7s,4F,3/2,6d2.(3P).7p,4D*,3/2,,T10463,L7344,
Ac,2,408.8441,0.0009,408.8430,0.0003,38000cs,6.5e+07,C+,7426.489,31878.854,6d.7s,3D,3,6d.7p,1D*,2,,T10463,L7344,
Ac,1,411.3769,0.0004,,,1100,,,,,,,,,,,,,L7344,
Ac,2,411.386,0.003,411.3890,0.0004,130,,,9087.517,33388.554,6d.7s,1D,2,6d.7p,3D*,1,,,L7344,
Ac,2,413.2420,0.0009,413.2422,0.0005,320,8.0e+06,C+,20848.198,45040.26,6d2,1G,4,5f.6d,3F*,4,,T10463,L7344,
Ac,2,413.6219,0.0009,413.6228,0.0004,67,6.9e+05,E,14949.173,39118.975,6d2,3F,3,6d.7p,3F*,4,,T10463,L7344,
Ac,2,413.7990,0.0009,413.7994,0.0007,850hl,3.00e+07,C+,31174.565,55334.05,5f.7s,1F*,3,5f.7p,3F,2,,T10463,L7344,
Ac,1,413.9650,0.0013,,,260c,,,,,,,,,,,,,L7344,
Ac,2,414.4150,0.0009,414.4145,0.0007,150,,,29250.366,53373.99,6d.7p,1P*,1,7s.8s,1S,0,,,L7344,
Ac,2,415.2880,0.0009,415.2889,0.0004,23h,,,19202.962,43275.794,6d2,3P,2,5f.6d,3F*,3,,,L7344,
Ac,2,416.8400,0.0009,416.8407,0.0003,31000cs,7.0e+07,C+,5267.147,29250.366,6d.7s,3D,2,6d.7p,1P*,1,,T10463,L7344,
Ac,2,416.9120,0.0009,416.9130,0.0005,45,3.17e+07,C+,38371.612,62350.67,6d.7p,3P*,2,6d.7d,3D,3,,T10463,L7344,
Ac,1,417.9980,0.0004,417.99772,0.00005,17000,1.24e+08,B,0.000,23916.835,6d.7s2,2D,3/2,6d.7s.(1D).7p,2D*,3/2,,T10463,L7344,
Ac,1,418.3119,0.0004,418.31199,0.00005,6400,9.9e+07,B,0.000,23898.867,6d.7s2,2D,3/2,6d.7s.(3D).7p,2F*,5/2,,T10463,L7344,
Ac,1,418.4170,0.0004,418.41705,0.00005,110,6.e+06,E,9863.589,33756.455,6d2.(3F).7s,4F,5/2,6d2.(3F).7p,2F*,7/2,,T10463,L7344,
Ac,1,418.6050,0.0010,418.60633,0.00009,260,7.e+06,D,10906.027,34788.09,6d2.(3F).7s,4F,7/2,6d2.(3F).7p,4F*,9/2,,T10463,L7344,
Ac,2,418.8080,0.0013,418.8081,0.0007,120hl,9.0e+07,C+,33304.935,57175.49,6d.7p,3D*,2,7p2,3P,1,,T10463,L7344,
Ac,2,418.9750,0.0013,,,3100h,,,,,,,,,,,,,L7344,
Ac,1,419.4399,0.0004,419.43971,0.00005,5300,6.53e+07,B,2231.432,26066.045,6d.7s2,2D,5/2,6d.7s.(1D).7p,2P*,3/2,,T10463,L7344,
Ac,1,419.8721,0.0004,419.87222,0.00005,460,2.0e+07,D+,9863.589,33673.650,6d2.(3F).7s,4F,5/2,6d2.(3P).7p,4D*,3/2,,T10463,L7344,
Ac,1,420.1920,0.0004,420.19199,0.00005,440c,4.84e+07,B,12078.067,35870.009,6d2.(3F).7s,4F,9/2,6d2.(3F).7p,4D*,7/2,,T10463,L7344,
Ac,2,420.2790,0.0013,420.2804,0.0007,34,2.25e+07,C+,33388.554,57175.49,6d.7p,3D*,1,7p2,3P,1,,T10463,L7344,
Ac,1,420.5700,0.0013,,,140,,,,,,,,,,,,,L7344,
Ac,1,420.8910,0.0004,420.89072,0.00005,960,5.33e+07,B,10906.027,34658.472,6d2.(3F).7s,4F,7/2,6d2.(3F).7p,4D*,5/2,,T10463,L7344,
Ac,2,420.9690,0.0009,420.9682,0.0003,3500,1.47e+07,C+,7426.489,31174.565,6d.7s,3D,3,5f.7s,1F*,3,,T10463,L7344,
Ac,1,421.8020,0.0004,421.80204,0.00005,740,1.8e+07,D,9217.288,32918.416,6d2.(3F).7s,4F,3/2,6d2.(3P).7p,2D*,3/2,,T10463,L7344,
Ac,1,422.5990,0.0013,422.59900,0.00023,1000,1.28e+08,B,9217.288,32873.72?,6d2.(3F).7s,4F,3/2,6d2.(3F).7p,4D*,1/2,,T10463,L7344,
Ac,2,423.2670,0.0009,423.2676,0.0003,320,1.20e+07,C,13236.418,36855.480,6d2,3F,2,6d.7p,3P*,1,,T10463,L7344,
Ac,1,423.4610,0.0013,,,190c,,,,,,,,,,,,,L7344,
Ac,1,424.6330,0.0013,,,270,,,,,,,,,,,,,L7344,
Ac,1,424.6780,0.0013,,,140,,,,,,,,,,,,,L7344,
Ac,2,425.7820,0.0015,425.7840,0.0009,770hl,8.6e+07,C+,28201.120,51680.60,7s.7p,3P*,2,7s.8s,3S,1,,T10463,L7344,
Ac,2,425.9650,0.0009,425.9649,0.0004,320h,4.9e+07,C+,31174.565,54644.074,5f.7s,1F*,3,5f.7p,3G,3,,T10463,L7344,
Ac,2,426.1101,0.0009,426.1105,0.0004,180cl,1.7e+05,E,4739.631,28201.120,6d.7s,3D,1,7s.7p,3P*,2,,T10463,L7344,
Ac,2,426.1669,0.0009,426.1659,0.0004,190h,4.52e+07,C+,31174.565,54633.000,5f.7s,1F*,3,6d.8s,3D,2,,T10463,L7344,
Ac,1,426.2420,0.0006,426.24253,0.00005,460,3.48e+07,B,10906.027,34360.247,6d2.(3F).7s,4F,7/2,6d2.(1G).7p,2G*,7/2,,T10463,L7344,
Ac,1,426.6940,0.0013,,,560,,,,,,,,,,,,,L7344,
Ac,2,426.8216,0.0009,426.8209,0.0003,570,1.15e+07,C+,14949.173,38371.612,6d2,3F,3,6d.7p,3P*,2,,T10463,L7344,
Ac,1,429.4620,0.0006,429.46214,0.00006,160,1.3e+07,D+,9217.288,32495.679,6d2.(3F).7s,4F,3/2,6d2.(3F).7p,2F*,5/2,,T10463,L7344,
Ac,2,431.1640,0.0013,431.1637,0.0009,170hl,3.29e+07,C+,33304.935,56491.46,6d.7p,3D*,2,7s.7d,1D,2,,T10463,L7344,
Ac,2,432.7240,0.0013,432.7243,0.0009,73,1.13e+07,C+,33388.554,56491.46,6d.7p,3D*,1,7s.7d,1D,2,,T10463,L7344,
Ac,1,433.6270,0.0006,433.62673,0.00006,240,,,9863.589,32918.416,6d2.(3F).7s,4F,5/2,6d2.(3P).7p,2D*,3/2,,,L7344,
Ac,2,433.7130,0.0009,433.7143,0.0006,470,2.9e+06,D+,16756.847,39807.02,6d2,3F,4,5f.6d,3H*,4,,T10463,L7344,
Ac,1,434.7510,0.0013,,,160c,,,,,,,,,,,,,L7344,
Ac,2,435.9130,0.0009,435.9118,0.0004,7300,1.02e+07,C+,5267.147,28201.120,6d.7s,3D,2,7s.7p,3P*,2,,T10463,L7344,
Ac,2,436.4082,0.0009,436.4085,0.0003,44,,,13236.418,36144.291,6d2,3F,2,5f.7s,3F*,3,,,L7344,
Ac,1,437.5069,0.0010,437.50563,0.00006,320,,,10906.027,33756.455,6d2.(3F).7s,4F,7/2,6d2.(3F).7p,2F*,7/2,,,L7344,
Ac,1,438.4529,0.0010,438.45195,0.00012,4900c,1.9e+07,D+,0.000,22801.11,6d.7s2,2D,3/2,6d.7s.(3D).7p,4P*,5/2,,T10463,L7344,
Ac,2,438.6411,0.0009,438.6400,0.0003,15000,7.1e+07,C+,9087.517,31878.854,6d.7s,1D,2,6d.7p,1D*,2,,T10463,L7344,
Ac,2,439.1430,0.0009,439.1432,0.0004,77,1.16e+07,C+,31878.854,54644.074,6d.7p,1D*,2,5f.7p,3G,3,,T10463,L7344,
Ac,1,439.6710,0.0006,439.67158,0.00006,5800,7.37e+07,B,2231.432,24969.294,6d.7s2,2D,5/2,6d.7s.(3D).7p,2F*,7/2,,T10463,L7344,
Ac,2,439.7451,0.0009,439.7451,0.0004,77,,,19202.962,41937.021,6d2,3P,2,6d.7p,1F*,3,,,L7344,
Ac,1,440.2110,0.0006,440.21056,0.00010,860,2.98e+07,B,12078.067,34788.09,6d2.(3F).7s,4F,9/2,6d2.(3F).7p,4F*,9/2,,T10463,L7344,
Ac,3,441.3090,0.0013,441.3093,0.0012,34000h,1.85e+07,A,800.97,23454.45,6d,2D,3/2,5f,2F*,5/2,,"T9249,T8388",L7344,
Ac,1,441.7259,0.0006,441.72644,0.00008,220,3.33e+07,B,9863.589,32495.679,6d2.(3F).7s,4F,5/2,6d2.(3F).7p,2F*,5/2,,T10463,L7344,
Ac,1,442.0420,0.0013,,,280,,,,,,,,,,,,,L7344,
Ac,1,442.3150,0.0013,,,300,,,,,,,,,,,,,L7344,
Ac,1,442.6851,0.0006,442.68545,0.00008,180,,,9217.288,31800.350,6d2.(3F).7s,4F,3/2,5f.7s2,2F*,5/2,,,L7344,
Ac,2,444.2050,0.0009,444.2040,0.0006,210,1.28e+07,C+,22199.428,44705.290,6d2,1D,2,5f.6d,1D*,2,,T10463,L7344,
Ac,2,445.2191,0.0009,445.2188,0.0003,12000,1.21e+07,C+,7426.489,29881.055,6d.7s,3D,3,6d.7p,3F*,3,,T10463,L7344,
Ac,1,446.1160,0.0013,,,170,,,,,,,,,,,,,L7344,
Ac,1,446.2730,0.0006,446.27307,0.00012,6900,7.16e+07,B,2231.432,24632.95,6d.7s2,2D,5/2,6d.7s.(1D).7p,2F*,7/2,,T10463,L7344,
Ac,2,446.7900,0.0009,446.7900,0.0006,120,1.3e+06,E,19202.962,41578.56,6d2,3P,2,5f.6d,3F*,2,,T10463,L7344,
Ac,2,447.0589,0.0009,447.0592,0.0004,570,6.1e+06,C+,16756.847,39118.975,6d2,3F,4,6d.7p,3F*,4,,T10463,L7344,
Ac,1,447.1811,0.0006,447.18106,0.00008,850,2.68e+07,B,9863.589,32219.622,6d2.(3F).7s,4F,5/2,6d2.(3F).7p,4F*,7/2,,T10463,L7344,
Ac,1,448.6630,0.0006,448.66324,0.00008,160,6.e+06,E,12078.067,34360.247,6d2.(3F).7s,4F,9/2,6d2.(1G).7p,2G*,7/2,,T10463,L7344,
Ac,1,448.7599,0.0006,448.75969,0.00006,450,8.9e+06,D,9217.288,31494.679,6d2.(3F).7s,4F,3/2,6d2.(3F).7p,4F*,5/2,,T10463,L7344,
Ac,2,450.7200,0.0009,450.7194,0.0006,30000cl,2.13e+07,B,0.00,22180.533,7s2,1S,0,7s.7p,3P*,1,,T9296,L7344,
Ac,2,451.1230,0.0009,451.1228,0.0003,240,,,13236.418,35397.115,6d2,3F,2,5f.7s,3F*,2,,,L7344,
Ac,2,452.6271,0.0009,452.6271,0.0003,230c,,,9087.517,31174.565,6d.7s,1D,2,5f.7s,1F*,3,,,L7344,
Ac,2,453.9290,0.0009,453.9283,0.0004,45,,,14949.173,36972.910,6d2,3F,3,6d.7p,3D*,3,,,L7344,
Ac,2,454.4090,0.0009,454.4080,0.0006,1200,5.0e+07,C+,22199.428,44199.914,6d2,1D,2,7s.7p,1P*,1,,T10463,L7344,
Ac,1,455.2180,0.0006,455.21743,0.00008,1000c,3.18e+07,B,10906.027,32867.395,6d2.(3F).7s,4F,7/2,6d2.(1G).7p,2G*,9/2,,T10463,L7344,
Ac,1,455.7281,0.0006,455.72807,0.00008,250,,,9863.589,31800.350,6d2.(3F).7s,4F,5/2,5f.7s2,2F*,5/2,,,L7344,
Ac,3,456.9870,0.0013,456.9870,0.0013,65000h,2.11e+07,B+,4203.89,26080.22,6d,2D,5/2,5f,2F*,7/2,,"T9249,T8388",L7344,
Ac,1,457.8240,0.0013,,,510,,,,,,,,,,,,,L7344,
Ac,2,458.5831,0.0009,458.5823,0.0005,48h,8.5e+06,C+,36144.291,57944.517,5f.7s,3F*,3,5f.7p,3F,3,,T10463,L7344,
Ac,2,460.5451,0.0009,460.5456,0.0004,17000c,2.77e+07,C+,4739.631,26446.928,6d.7s,3D,1,6d.7p,3F*,2,,T10463,L7344,
Ac,1,461.0100,0.0006,461.01055,0.00009,1100,2.4e+07,D+,2231.432,23916.835,6d.7s2,2D,5/2,6d.7s.(1D).7p,2D*,3/2,,T10463,L7344,
Ac,1,461.1590,0.0006,461.15973,0.00009,81,2.12e+07,B,12078.067,33756.455,6d2.(3F).7s,4F,9/2,6d2.(3F).7p,2F*,7/2,,T10463,L7344,
Ac,1,461.3930,0.0006,461.39285,0.00009,4000,1.2e+07,D+,2231.432,23898.867,6d.7s2,2D,5/2,6d.7s.(3D).7p,2F*,5/2,,T10463,L7344,
Ac,1,462.1690,0.0006,462.16811,0.00006,710,1.5e+07,D+,9863.589,31494.679,6d2.(3F).7s,4F,5/2,6d2.(3F).7p,4F*,5/2,,T10463,L7344,
Ac,1,468.2160,0.0006,,,1300c,,,,,,,,,,,,,L7344,
Ac,2,468.4911,0.0009,468.4913,0.0005,110h,1.90e+07,C+,33304.935,54644.074,6d.7p,3D*,2,5f.7p,3G,3,,T10463,L7344,
Ac,1,469.0521,0.0006,469.05284,0.00009,960,2.68e+07,B,10906.027,32219.622,6d2.(3F).7s,4F,7/2,6d2.(3F).7p,4F*,7/2,,T10463,L7344,
Ac,1,469.3290,0.0013,,,240,,,,,,,,,,,,,L7344,
Ac,1,470.5782,0.0006,470.57811,0.00013,2200c,8.43e+07,B,12078.067,33322.58,6d2.(3F).7s,4F,9/2,6d2.(3F).7p,4G*,11/2,,T10463,L7344,
Ac,1,470.7970,0.0013,,,1200c,,,,,,,,,,,,,L7344,
Ac,1,471.6581,0.0006,471.65807,0.00009,6900,3.18e+07,B,0.000,21195.870,6d.7s2,2D,3/2,6d.7s.(1D).7p,2F*,5/2,,T10463,L7344,
Ac,2,471.6741,0.0009,471.6748,0.0003,360,5.1e+06,C+,14949.173,36144.291,6d2,3F,3,5f.7s,3F*,3,,T10463,L7344,
Ac,2,472.0159,0.0009,472.0164,0.0004,19000c,2.46e+07,C+,5267.147,26446.928,6d.7s,3D,2,6d.7p,3F*,2,,T10463,L7344,
Ac,2,474.0510,0.0009,474.0522,0.0005,2600,7.2e+07,C+,20848.198,41937.021,6d2,1G,4,6d.7p,1F*,3,,T10463,L7344,
Ac,1,477.6770,0.0013,,,440c,,,,,,,,,,,,,L7344,
Ac,1,478.6960,0.0013,478.6964,0.0003,320c,5.84e+07,B,13877.59,34761.82,6d2.(3P).7s,4P,5/2,6d2.(3P).7p,4P*,3/2,,T10463,L7344,
Ac,2,480.7831,0.0009,480.7843,0.0003,1700,5.6e+06,C+,9087.517,29881.055,6d.7s,1D,2,6d.7p,3F*,3,,T10463,L7344,
Ac,1,480.8811,0.0006,480.88163,0.00012,530,3.00e+07,B,12078.067,32867.395,6d2.(3F).7s,4F,9/2,6d2.(1G).7p,2G*,9/2,,T10463,L7344,
Ac,2,481.1061,0.0012,481.1072,0.0007,280,5.7e+06,C+,20848.198,41627.78,6d2,1G,4,5f.6d,1G*,4,,T10463,L7344,
Ac,2,481.2221,0.0009,481.2218,0.0005,16000,2.42e+07,C+,7426.489,28201.120,6d.7s,3D,3,7s.7p,3P*,2,,T10463,L7344,
Ac,1,482.5880,0.0013,,,1000,,,,,,,,,,,,,L7344,
Ac,1,485.5681,0.0006,485.56881,0.00009,1400c,4.03e+07,B,10906.027,31494.679,6d2.(3F).7s,4F,7/2,6d2.(3F).7p,4F*,5/2,,T10463,L7344,
Ac,1,486.0160,0.0010,486.01672,0.00019,5500c,2.65e+07,B,2231.432,22801.11,6d.7s2,2D,5/2,6d.7s.(3D).7p,4P*,5/2,,T10463,L7344,
Ac,1,486.8870,0.0020,486.88523,0.00014,890,3.32e+07,B,9863.589,30396.575,6d2.(3F).7s,4F,5/2,6d2.(3F).7p,4F*,3/2,,T10463,L7344,
Ac,2,488.9105,0.0009,488.9102,0.0004,1800,2.72e+07,C+,14949.173,35397.115,6d2,3F,3,5f.7s,3F*,2,,T10463,L7344,
Ac,2,494.5180,0.0009,494.5181,0.0004,5300,4.53e+07,C+,16756.847,36972.910,6d2,3F,4,6d.7p,3D*,3,,T10463,L7344,
Ac,2,495.8230,0.0009,495.8233,0.0004,6800,1.20e+07,C+,9087.517,29250.366,6d.7s,1D,2,6d.7p,1P*,1,,T10463,L7344,
Ac,2,496.0870,0.0009,496.0869,0.0005,4900,3.44e+07,C+,13236.418,33388.554,6d2,3F,2,6d.7p,3D*,1,,T10463,L7344,
Ac,1,496.3481,0.0006,496.34749,0.00010,590c,2.86e+07,B,12078.067,32219.622,6d2.(3F).7s,4F,9/2,6d2.(3F).7p,4F*,7/2,,T10463,L7344,
Ac,2,498.1551,0.0009,498.1539,0.0004,500,4.7e+06,C,13236.418,33304.935,6d2,3F,2,6d.7p,3D*,2,,T10463,L7344,
Ac,1,506.1560,0.0013,,,260,,,,,,,,,,,,,L7344,
Ac,1,506.4650,0.0013,506.46449,0.00021,300,,,13712.902,33452.12,6d.7s.(3D).7p,4F*,3/2,6d.7s.(3D).8s,4D,5/2,,,L7344,
Ac,2,506.5070,0.0009,506.5062,0.0006,310,1.6e+06,E,22199.428,41937.021,6d2,1D,2,6d.7p,1F*,3,,T10463,L7344,
Ac,1,510.5830,0.0013,510.58468,0.00023,1300c,4.12e+07,B,10906.027,30485.96,6d2.(3F).7s,4F,7/2,6d2.(3F).7p,4G*,9/2,,T10463,L7344,
Ac,2,515.6531,0.0009,515.6541,0.0004,2100,1.71e+07,C+,16756.847,36144.291,6d2,3F,4,5f.7s,3F*,3,,T10463,L7344,
Ac,2,516.4830,0.0009,516.4830,0.0006,220,4.0e+06,C,19015.283,38371.612,6d2,3P,1,6d.7p,3P*,2,,T10463,L7344,
Ac,3,519.3211,0.0013,519.3208,0.0011,710h,8.79e+05,B+,4203.89,23454.45,6d,2D,5/2,5f,2F*,5/2,,"T9249,T8388",L7344,
Ac,2,521.5399,0.0009,521.5399,0.0004,960,1.23e+07,C+,19202.962,38371.612,6d2,3P,2,6d.7p,3P*,2,,T10463,L7344,
Ac,1,522.8310,0.0013,522.8309,0.0004,1300,2.7e+06,E,0.000,19121.32?,6d.7s2,2D,3/2,6d.7s.(3D).7p,4D*,5/2,,T10463,L7344,
Ac,2,522.9099,0.0009,522.9094,0.0006,300,7.5e+06,C,17737.032,36855.480,6d2,3P,0,6d.7p,3P*,1,,T10463,L7344,
Ac,2,523.0429,0.0009,523.0420,0.0005,1600cl,3.3e+06,D+,9087.517,28201.120,6d.7s,1D,2,7s.7p,3P*,2,,T10463,L7344,
Ac,2,525.6031,0.0009,525.6039,0.0005,220c,3.9e+05,E,7426.489,26446.928,6d.7s,3D,3,6d.7p,3F*,2,,T10463,L7344,
Ac,1,525.8240,0.0006,525.82479,0.00011,8100c,2.56e+07,B,0.000,19012.450,6d.7s2,2D,3/2,6d.7s.(3D).7p,2D*,3/2,,T10463,L7344,
Ac,1,526.1450,0.0013,526.1450,0.0004,790c,1.3e+06,E,2231.432,21232.31?,6d.7s2,2D,5/2,6d.7s.(3D).7p,4D*,7/2,,T10463,L7344,
Ac,1,526.4480,0.0013,526.4481,0.0004,890,3.7e+07,D+,7477.36,26467.30?,7s2.7p,2P*,1/2,7s2.8s,2S,1/2,,T10463,L7344,
Ac,1,527.1560,0.0006,527.15603,0.00014,3800,8.4e+06,D+,2231.432,21195.870,6d.7s2,2D,5/2,6d.7s.(1D).7p,2F*,5/2,,T10463,L7344,
Ac,2,527.3131,0.0009,527.3122,0.0006,58,4.2e+05,E,20848.198,39807.02,6d2,1G,4,5f.6d,3H*,4,,T10463,L7344,
Ac,1,534.4740,0.0006,534.47384,0.00011,1700,3.47e+07,B,9863.589,28568.376,6d2.(3F).7s,4F,5/2,6d2.(3F).7p,4G*,7/2,,T10463,L7344,
Ac,2,536.2610,0.0009,536.2615,0.0004,1400,5.2e+06,C+,13236.418,31878.854,6d2,3F,2,6d.7p,1D*,2,,T10463,L7344,
Ac,1,536.9630,0.0013,536.9627,0.0003,220,1.68e+07,B,13877.59,32495.679,6d2.(3P).7s,4P,5/2,6d2.(3F).7p,2F*,5/2,,T10463,L7344,
Ac,1,542.4440,0.0013,,,190cl,,,,,,,,,,,,,L7344,
Ac,1,543.0960,0.0013,543.0943,0.0003,500cs,1.84e+07,B,12078.067,30485.96,6d2.(3F).7s,4F,9/2,6d2.(3F).7p,4G*,9/2,,T10463,L7344,
Ac,2,544.6379,0.0009,544.6367,0.0005,8700,2.78e+07,C+,14949.173,33304.935,6d2,3F,3,6d.7p,3D*,2,,T10463,L7344,
Ac,2,547.1709,0.0009,547.1701,0.0006,190,1.36e+06,D+,20848.198,39118.975,6d2,1G,4,6d.7p,3F*,4,,T10463,L7344,
Ac,2,554.8979,0.0009,554.8976,0.0005,220c,7.3e+05,E,14949.173,32965.512,6d2,3F,3,5f.7s,3F*,4,,T10463,L7344,
Ac,1,556.9261,0.0006,556.92641,0.00012,3100c,3.1e+06,E,0.000,17950.709,6d.7s2,2D,3/2,6d.7s.(3D).7p,2D*,5/2,,T10105,L7344,
Ac,2,557.3160,0.0009,557.3164,0.0004,44h,,,13236.418,31174.565,6d2,3F,2,5f.7s,1F*,3,,,L7344,
Ac,2,560.3769,0.0009,560.3764,0.0006,310,8.6e+06,C+,19015.283,36855.480,6d2,3P,1,6d.7p,3P*,1,,T10463,L7344,
Ac,1,561.0900,0.0013,561.0884,0.0003,150c,6.6e+06,D,13712.902,31530.46,6d.7s.(3D).7p,4F*,3/2,7s2.7d,2D,3/2,,T10463,L7344,
Ac,1,561.8770,0.0006,561.87641,0.00013,560,3.67e+07,B,9217.288,27009.857,6d2.(3F).7s,4F,3/2,6d2.(3F).7p,4G*,5/2,,T10463,L7344,
Ac,2,562.5919,0.0009,562.5917,0.0005,71,9.e+05,E,19202.962,36972.910,6d2,3P,2,6d.7p,3D*,3,,T10463,L7344,
Ac,2,562.7569,0.0009,562.7570,0.0010,360,3.03e+07,C+,19015.283,36780.01,6d2,3P,1,6d.7p,3P*,0,,T10463,L7344,
Ac,1,563.6600,0.0006,563.66011,0.00013,1400c,4.e+06,E,0.000,17736.265,6d.7s2,2D,3/2,6d.7s.(3D).7p,4D*,3/2,,T10463,L7344,
Ac,1,566.0190,0.0006,566.01903,0.00016,530c,1.45e+07,B,10906.027,28568.376,6d2.(3F).7s,4F,7/2,6d2.(3F).7p,4G*,7/2,,T10463,L7344,
Ac,2,566.0930,0.0009,566.0914,0.0006,64h,1.40e+07,C+,36972.910,54633.000,6d.7p,3D*,3,6d.8s,3D,2,,T10463,L7344,
Ac,2,566.3339,0.0009,566.3343,0.0005,340,1.22e+07,C+,19202.962,36855.480,6d2,3P,2,6d.7p,3P*,1,,T10463,L7344,
Ac,1,567.4149,0.0006,567.41467,0.00013,850cl,,,9217.288,26836.194,6d2.(3F).7s,4F,3/2,6d.7s.(1D).7p,2D*,5/2,,,L7344,
Ac,2,573.2049,0.0009,573.2058,0.0007,5300cl,1.04e+07,B,4739.631,22180.533,6d.7s,3D,1,7s.7p,3P*,1,,T9296,L7344,
Ac,2,575.8967,0.0009,575.8967,0.0005,6200c,8.4e+06,C+,9087.517,26446.928,6d.7s,1D,2,6d.7p,3F*,2,,T10463,L7344,
Ac,1,581.2440,0.0006,581.24400,0.00020,470D,2.0e+06,D+,0.000,17199.710,6d.7s2,2D,3/2,6d.7s.(3D).7p,4D*,1/2,,T10105,L7344,
Ac,2,581.3450,0.0013,,,1100h,,,,,,,,,,,,,L7344,
Ac,1,583.0549,0.0006,583.05565,0.00014,150,1.13e+07,C,9863.589,27009.857,6d2.(3F).7s,4F,5/2,6d2.(3F).7p,4G*,5/2,,T10463,L7344,
Ac,2,590.1100,0.0009,590.1089,0.0005,46,6.8e+05,E,19202.962,36144.291,6d2,3P,2,5f.7s,3F*,3,,T10463,L7344,
Ac,2,590.5139,0.0009,590.5149,0.0005,360,2.2e+06,D+,14949.173,31878.854,6d2,3F,3,6d.7p,1D*,2,,T10463,L7344,
Ac,2,591.0851,0.0009,591.0839,0.0007,19000c,1.58e+07,B,5267.147,22180.533,6d.7s,3D,2,7s.7p,3P*,1,,T9296,L7344,
Ac,1,595.2860,0.0013,,,110c,,,,,,,,,,,,,L7344,
Ac,1,595.7470,0.0006,595.74636,0.00018,200c,,,2231.432,19012.450,6d.7s2,2D,5/2,6d.7s.(3D).7p,2D*,3/2,,,L7344,
Ac,2,600.6269,0.0009,600.6278,0.0005,150,6.1e+05,E,13236.418,29881.055,6d2,3F,2,6d.7p,3F*,3,,T10463,L7344,
Ac,1,602.6140,0.0013,602.6151,0.0004,110c,,,14940.714,31530.46,6d.7s.(3D).7p,4F*,5/2,7s2.7d,2D,3/2,,,L7344,
Ac,1,610.9980,0.0013,,,65c,,,,,,,,,,,,,L7344,
Ac,1,615.4330,0.0013,615.4332,0.0004,150c,1.14e+07,B,17683.869,33928.090,6d.7s.(3D).7p,4F*,7/2,6d.7s.(3D).8s,4D,7/2,,T10463,L7344,
Ac,2,616.1476,0.0009,616.1474,0.0005,34,1.0e+06,E,14949.173,31174.565,6d2,3F,3,5f.7s,1F*,3,,T10463,L7344,
Ac,2,616.4750,0.0009,616.4743,0.0009,9400c,2.80e+07,B,4739.631,20956.42,6d.7s,3D,1,7s.7p,3P*,0,,T9296,L7344,
Ac,2,616.7831,0.0009,616.7833,0.0006,1400cl,7.3e+06,C+,16756.847,32965.512,6d2,3F,4,5f.7s,3F*,4,,T10463,L7344,
Ac,1,617.0180,0.0020,617.0196,0.0003,68c,1.6e+06,E,9863.589,26066.045,6d2.(3F).7s,4F,5/2,6d.7s.(1D).7p,2P*,3/2,,T10463,L7344,
Ac,2,617.3350,0.0009,617.3360,0.0006,73,7.3e+05,E,19202.962,35397.115,6d2,3P,2,5f.7s,3F*,2,,T10463,L7344,
Ac,2,618.1740,0.0009,618.1746,0.0007,540,7.2e+06,C+,22199.428,38371.612,6d2,1D,2,6d.7p,3P*,2,,T10463,L7344,
Ac,2,624.2832,0.0009,624.2829,0.0006,5400c,1.86e+07,C+,13236.418,29250.366,6d2,3F,2,6d.7p,1P*,1,,T10463,L7344,
Ac,1,625.7120,0.0013,625.7117,0.0004,60c,9.99e+06,B,17950.709,33928.090,6d.7s.(3D).7p,2D*,5/2,6d.7s.(3D).8s,4D,7/2,,T10463,L7344,
Ac,1,627.5669,0.0006,627.56624,0.00020,140cs,9.e+05,E,10906.027,26836.194,6d2.(3F).7s,4F,7/2,6d.7s.(1D).7p,2D*,5/2,,T10463,L7344,
Ac,1,634.0100,0.0013,634.0104,0.0004,200cs,1.52e+07,B,17683.869,33452.12,6d.7s.(3D).7p,4F*,7/2,6d.7s.(3D).8s,4D,5/2,,T10463,L7344,
Ac,1,635.9860,0.0006,635.98574,0.00020,4800c,7.6e+06,C,2231.432,17950.709,6d.7s2,2D,5/2,6d.7s.(3D).7p,2D*,5/2,,T10105,L7344,
Ac,2,638.7390,0.0009,638.7389,0.0008,40,1.5e+06,E,17737.032,33388.554,6d2,3P,0,6d.7p,3D*,1,,T10463,L7344,
Ac,2,642.4580,0.0013,,,500h,,,,,,,,,,,,,L7344,
Ac,1,644.7821,0.0006,644.78199,0.00021,480c,8.e+05,E,2231.432,17736.265,6d.7s2,2D,5/2,6d.7s.(3D).7p,4D*,3/2,,T10463,L7344,
Ac,1,646.9682,0.0006,646.9683,0.0003,730cl,1.2e+06,D+,2231.432,17683.869,6d.7s2,2D,5/2,6d.7s.(3D).7p,4F*,7/2,,T10105,L7344,
Ac,2,653.5809,0.0009,653.5812,0.0007,290,2.09e+06,C+,20848.198,36144.291,6d2,1G,4,5f.7s,3F*,3,,T10463,L7344,
Ac,1,661.8190,0.0006,661.8188,0.0003,210,,,9863.589,24969.294,6d2.(3F).7s,4F,5/2,6d.7s.(3D).7p,2F*,7/2,,,L7344,
Ac,1,669.1270,0.0006,669.12731,0.00018,5000cl,3.8e+06,D+,0.000,14940.714,6d.7s2,2D,3/2,6d.7s.(3D).7p,4F*,5/2,,T10463,L7344,
Ac,2,669.5232,0.0009,669.5231,0.0005,3300,9.2e+06,C+,14949.173,29881.055,6d2,3F,3,6d.7p,3F*,3,,T10463,L7344,
Ac,2,693.3992,0.0009,693.3998,0.0006,530c,4.74e+06,C+,16756.847,31174.565,6d2,3F,4,5f.7s,1F*,3,,T10463,L7344,
Ac,2,699.609,0.003,699.6142,0.0011,120,1.85e+06,C,19015.283,33304.935,6d2,3P,1,6d.7p,3D*,2,,T10463,L7344,
Ac,1,729.0396,0.0006,729.0394,0.0003,2400c,2.38e+06,B+,0.000,13712.902,6d.7s2,2D,3/2,6d.7s.(3D).7p,4F*,3/2,,"T10105n,T10228","L21471,L7344",
Ac,2,756.7652,0.0009,756.7647,0.0007,1800,5.5e+06,C+,13236.418,26446.928,6d2,3F,2,6d.7p,3F*,2,,T10463,L7344,
Ac,2,761.7421,0.0009,761.7410,0.0006,320,,,16756.847,29881.055,6d2,3F,4,6d.7p,3F*,3,,,L7344,
Ac,1,786.6102,0.0006,786.6101,0.0003,970cl,1.56e+06,C+,2231.432,14940.714,6d.7s2,2D,5/2,6d.7s.(3D).7p,4F*,5/2,,T10105,L7344,
Ac,2,788.6822,0.0009,788.6821,0.0007,1200,1.46e+06,C+,19202.962,31878.854,6d2,3P,2,6d.7p,1D*,2,,T10463,L7344,
Ac,1,814.3345,0.0013,814.3345,0.0009,250,2.8e+05,C,0.000,12276.591,6d.7s2,2D,3/2,7s2.7p,2P*,3/2,,"T10105n,T10228",L21471,
Ac,1,870.729,,870.7295,0.0008,170:,1.7e+05,C,2231.432,13712.902,6d.7s2,2D,5/2,6d.7s.(3D).7p,4F*,3/2,,"T10105n,T10228",L21471,
Ac,1,995.232,,995.2315,0.0021,2800:,3.64e+06,B+,2231.432,12276.591,6d.7s2,2D,5/2,7s2.7p,2P*,3/2,,"T10105n,T10228",L21471,
Ac,1,1337.005,0.007,1337.005,0.013,1500,1.497e+06,A+,0.000,7477.36,6d.7s2,2D,3/2,7s2.7p,2P*,1/2,,T10228,L21471,

