element,sp_num,obs_wl_vac(nm),unc_obs_wl,ritz_wl_vac(nm),intens,Aki(s^-1),Acc,Ei(cm-1),Ek(cm-1),conf_i,term_i,J_i,conf_k,term_k,J_k,Type,tp_ref,line_ref,
Br,4,36.6636,0.0010,36.6633+,100,,,2622.0,275374,4s2.4p2,3P,1,,2,"1,2",,,L1157,
Br,4,37.0694,0.0010,37.0697+,200,,,5611.9,275374,4s2.4p2,3P,2,,2,"1,2",,,L1157,
Br,4,37.9734,0.0010,37.9739+,700,,,2622.0,265961,4s2.4p2,3P,1,,1,2,,,L1157,
Br,4,38.4101,0.0010,38.4100+,600,,,5611.9,265961,4s2.4p2,3P,2,,1,2,,,L1157,
Br,4,40.0370,0.0010,40.0367+,700,,,16190.4,265961,4s2.4p2,1D,2,,1,2,,,L1157,
Br,5,46.837,0.010,,600,,,,,,,,,,,,,L930,
Br,5,48.211,0.010,,800,,,,,,,,,,,,,L930,
Br,5,53.197,0.010,,900,,,,,,,,,,,,,L930,
Br,4,53.4457,0.0010,53.4469+,350,,,0.0,187101.6,4s2.4p2,3P,0,4s2.4p.5s,1P,1,,,L1157,
Br,4,54.2055,0.0010,54.2065+,800,,,2622.0,187101.6,4s2.4p2,3P,1,4s2.4p.5s,1P,1,,,L1157,
Br,4,54.5429,0.0010,54.5439+,1000,,,2622.0,185960.7,4s2.4p2,3P,1,4s2.4p.5s,3P,2,,,L1157,
Br,5,54.790,0.010,,1000,,,,,,,,,,,,,L930,
Br,5,54.977,0.010,,700,,,,,,,,,,,,,L930,
Br,4,54.9940,0.0010,54.9934+,800,,,0.0,181840.0,4s2.4p2,3P,0,4s2.4p.5s,3P,1,,,L1157,
Br,4,55.4481,0.0010,55.4481+,900,,,5611.9,185960.7,4s2.4p2,3P,2,4s2.4p.5s,3P,2,,,L1157,
Br,4,55.5727,0.0010,55.5711+,700,,,0.0,179949.7,4s2.4p2,3P,0,4s2.4p.4d,3P,1,,,L1157,
Br,4,55.5934,0.0010,55.5922+,600,,,2622.0,182503.3,4s2.4p2,3P,1,4s2.4p.4d,1D,2,,,L1157,
Br,4,55.7984,0.0010,55.7980+,900,,,2622.0,181840.0,4s2.4p2,3P,1,4s2.4p.5s,3P,1,,,L1157,
Br,4,55.9756,0.0010,55.9762+,1000,,,2622.0,181269.2,4s2.4p2,3P,1,4s2.4p.4d,1P,1,,,L1157,
Br,4,56.3788,0.0010,56.3788+,900,,,2622.0,179993.6,4s2.4p2,3P,1,4s2.4p.5s,3P,0,,,L1157,
Br,4,56.3937,0.0010,56.3928+,800,,,2622.0,179949.7,4s2.4p2,3P,1,4s2.4p.4d,3P,1,,,L1157,
Br,4,56.5314,0.0010,56.5319+,900,,,5611.9,182503.3,4s2.4p2,3P,2,4s2.4p.4d,1D,2,,,L1157,
Br,4,56.7443,0.0010,56.7446+,800,,,5611.9,181840.0,4s2.4p2,3P,2,4s2.4p.5s,3P,1,,,L1157,
Br,4,56.9194,0.0010,56.9201+,1000,,,2622.0,178307.0,4s2.4p2,3P,1,4s2.4p.4d,3P,0,,,L1157,
Br,4,56.9291,0.0010,56.9290+,800,,,5611.9,181269.2,4s2.4p2,3P,2,4s2.4p.4d,1P,1,,,L1157,
Br,4,57.3600,0.0010,57.3599+,900,,,5611.9,179949.7,4s2.4p2,3P,2,4s2.4p.4d,3P,1,,,L1157,
Br,4,57.6589,0.0010,57.6592+,1000,,,2622.0,176054.9,4s2.4p2,3P,1,4s2.4p.4d,3P,2,,,L1157,
Br,4,57.9953,0.0010,57.9948+,250,,,5611.9,178041.3,4s2.4p2,3P,2,4s2.4p.4d,1F,3,,,L1157,
Br,4,58.5102,0.0010,58.5099+,1000,,,16190.4,187101.6,4s2.4p2,1D,2,4s2.4p.5s,1P,1,,,L1157,
Br,4,58.6710,0.0010,58.6706+,1000,,,5611.9,176054.9,4s2.4p2,3P,2,4s2.4p.4d,3P,2,,,L1157,
Br,4,58.9043,0.0010,58.9031+,50,,,16190.4,185960.7,4s2.4p2,1D,2,4s2.4p.5s,3P,2,,,L1157,
Br,4,59.7514,0.0010,59.7526+,1000,,,0.0,167356.6,4s2.4p2,3P,0,4s2.4p.4d,3D,1,,,L1157,
Br,4,59.9594,0.0010,59.9587+,250,,,2622.0,169403.5,4s2.4p2,3P,1,4s2.4p.4d,3D,2,,,L1157,
Br,4,60.0085,0.0010,60.0085+,1000,,,5611.9,172254.9,4s2.4p2,3P,2,4s2.4p.4d,3D,3,,,L1157,
Br,4,60.1265,0.0010,60.1276+,1000,,,16190.4,182503.3,4s2.4p2,1D,2,4s2.4p.4d,1D,2,,,L1157,
Br,4,60.3674,0.0010,60.3684+,900,,,16190.4,181840.0,4s2.4p2,1D,2,4s2.4p.5s,3P,1,,,L1157,
Br,4,60.5778,0.0010,60.5771+,900,,,16190.4,181269.2,4s2.4p2,1D,2,4s2.4p.4d,1P,1,,,L1157,
Br,4,60.7031,0.0010,60.7037+,1000,,,2622.0,167356.6,4s2.4p2,3P,1,4s2.4p.4d,3D,1,,,L1157,
Br,4,61.0540,0.0010,61.0532+,500,,,5611.9,169403.5,4s2.4p2,3P,2,4s2.4p.4d,3D,2,,,L1157,
Br,4,61.0640,0.0010,61.0652+,400,,,16190.4,179949.7,4s2.4p2,1D,2,4s2.4p.4d,3P,1,,,L1157,
Br,3,61.11,0.10,,450,,,,,,,,,,,,,L7483,
Br,4,61.7851,0.0010,61.7853+,1000,,,16190.4,178041.3,4s2.4p2,1D,2,4s2.4p.4d,1F,3,,,L1157,
Br,4,61.8261,0.0010,61.8258+,900,,,5611.9,167356.6,4s2.4p2,3P,2,4s2.4p.4d,3D,1,,,L1157,
Br,4,61.9871,0.0010,61.9890+,1000,,,0.0,161319.0,4s2.4p2,3P,0,4s.4p3,3S,1,,,L1157,
Br,3,62.04,0.10,,300,,,,,,,,,,,,,L7483,
Br,5,62.103,0.010,,800,,,,,,,,,,,,,L930,
Br,4,62.3234,0.0010,62.3202+,700?,,,2622.0,163083.5,4s2.4p2,3P,1,4s2.4p.4d,3F,2,,,L1157,
Br,4,62.5528,0.0010,62.5530+,750,,,16190.4,176054.9,4s2.4p2,1D,2,4s2.4p.4d,3P,2,,,L1157,
Br,4,63.0135,0.0010,63.0132+,1000,,,2622.0,161319.0,4s2.4p2,3P,1,4s.4p3,3S,1,,,L1157,
Br,5,63.222,0.010,,800,,,,,,,,,,,,,L930,
Br,4,63.5035,0.0010,63.5035+,700,,,5611.9,163083.5,4s2.4p2,3P,2,4s2.4p.4d,3F,2,,,L1157,
Br,4,63.7437,0.0010,63.7438+,900,,,5611.9,162490.0,4s2.4p2,3P,2,4s.4p3,1P,1,,,L1157,
Br,4,64.2227,0.0010,64.2231+,1000,,,5611.9,161319.0,4s2.4p2,3P,2,4s.4p3,3S,1,,,L1157,
Br,5,64.544,0.010,,700,,,,,,,,,,,,,L930,
Br,4,64.9773,0.0010,64.9769+,700,,,5611.9,159512.7,4s2.4p2,3P,2,4s2.4p.4d,3F,3,,,L1157,
Br,5,65.264,0.010,,400,,,,,,,,,,,,,L930,
Br,4,65.2667,0.0010,65.2686+,400,,,16190.4,169403.5,4s2.4p2,1D,2,4s2.4p.4d,3D,2,,,L1157,
Br,5,65.754,0.010,,800,,,,,,,,,,,,,L930,
Br,4,66.1528,0.0010,66.1524+,1000,,,16190.4,167356.6,4s2.4p2,1D,2,4s2.4p.4d,3D,1,,,L1157,
Br,3,66.554,0.010,,500,,,,,,,,,,,,,L773,
Br,3,67.719,0.010,,500,,,,,,,,,,,,,L773,
Br,3,67.78,0.10,,300,,,,,,,,,,,,,L7483,
Br,5,67.962,0.010,,800,,,,,,,,,,,,,L930,
Br,4,68.0784,0.0010,68.0767+,800,,,16190.4,163083.5,4s2.4p2,1D,2,4s2.4p.4d,3F,2,,,L1157,
Br,4,68.3510,0.0010,68.3529+,1000,,,16190.4,162490.0,4s2.4p2,1D,2,4s.4p3,1P,1,,,L1157,
Br,3,68.768,0.010,,450,,,,,,,,,,,,,L773,
Br,4,68.9045,0.0010,68.9044+,700,,,16190.4,161319.0,4s2.4p2,1D,2,4s.4p3,3S,1,,,L1157,
Br,3,69.02,0.10,,400,,,,,,,,,,,,,L7483,
Br,3,69.699,0.010,,350,,,,,,,,,,,,,L773,
Br,4,69.7723,0.0010,69.7728+,1000,,,16190.4,159512.7,4s2.4p2,1D,2,4s2.4p.4d,3F,3,,,L1157,
Br,4,70.3866,0.0010,70.3870+,700,,,0.0,142071.6,4s2.4p2,3P,0,4s.4p3,3P,1,,,L1157,
Br,2,71.168,0.010,,300,,,,,,,,,,,,,L7484,
Br,4,71.5385,0.0010,71.5371+,1000,,,2622.0,142409.6,4s2.4p2,3P,1,4s.4p3,3P,2,,,L1157,
Br,4,71.7098,0.0010,71.7105+,500,,,2622.0,142071.6,4s2.4p2,3P,1,4s.4p3,3P,1,,,L1157,
Br,4,72.2956,0.0010,72.2951+,200,,,5611.9,143933.8,4s2.4p2,3P,2,4s.4p3,1D,2,,,L1157,
Br,3,72.70,0.10,,300,,,,,,,,,,,,,L7483,
Br,4,72.9570,0.0010,72.9499+,800,,,2622.0,139702.3,4s2.4p2,3P,1,4s.4p3,3P,0,,,L1157,
Br,4,73.1001,0.0010,73.1006+,1000,,,5611.9,142409.6,4s2.4p2,3P,2,4s.4p3,3P,2,,,L1157,
Br,4,73.2830,0.0010,73.2817+,750,,,5611.9,142071.6,4s2.4p2,3P,2,4s.4p3,3P,1,,,L1157,
Br,3,73.64,0.10,,300,,,,,,,,,,,,,L7483,
Br,4,75.7633,0.0010,75.7611+,400,,,84053.7,216047.5,4s.4p3,5S,2,4s2.4p.5p,3D,1,,,L1157,
Br,3,76.963,0.010,,250,,,,,,,,,,,,,L773,
Br,4,78.2808,0.0010,78.2819+,700,,,16190.4,143933.8,4s2.4p2,1D,2,4s.4p3,1D,2,,,L1157,
Br,4,78.4645,0.0010,78.4660+,900,,,0.0,127443.7,4s2.4p2,3P,0,4s.4p3,3D,1,,,L1157,
Br,4,79.2261,0.0010,79.2272+,300,,,16190.4,142409.6,4s2.4p2,1D,2,4s.4p3,3P,2,,,L1157,
Br,4,80.0122,0.0010,80.0127+,1000,,,2622.0,127602.1,4s2.4p2,3P,1,4s.4p3,3D,2,,,L1157,
Br,4,80.1145,0.0010,80.1143+,800,,,2622.0,127443.7,4s2.4p2,3P,1,4s.4p3,3D,1,,,L1157,
Br,5,81.295,0.010,,700,,,,,,,,,,,,,L930,
Br,4,81.3657,0.0010,81.3657+,1000,,,5611.9,128513.8,4s2.4p2,3P,2,4s.4p3,3D,3,,,L1157,
Br,2,81.548,0.010,,250,,,,,,,,,,,,,L7484,
Br,3,81.779,0.010,,250,,,,,,,,,,,,,L773,
Br,4,81.9732,0.0010,81.9738+,800,,,5611.9,127602.1,4s2.4p2,3P,2,4s.4p3,3D,2,,,L1157,
Br,4,82.0804,0.0010,82.0804+,600,,,5611.9,127443.7,4s2.4p2,3P,2,4s.4p3,3D,1,,,L1157,
Br,5,85.081,0.010,,1000,,,,,,,,,,,,,L930,
Br,5,85.527,0.010,,150,,,,,,,,,,,,,L930,
Br,2,85.619,0.010,,350,,,,,,,,,,,,,L7484,
Br,2,88.923,0.010,,1000,,,,,,,,,,,,,L7484,
Br,2,89.664,0.010,,500,,,,,,,,,,,,,L7484,
Br,4,89.7577,0.0010,89.7572+,250,,,16190.4,127602.1,4s2.4p2,1D,2,4s.4p3,3D,2,,,L1157,
Br,4,89.8863,0.0010,89.8850+,800,,,16190.4,127443.7,4s2.4p2,1D,2,4s.4p3,3D,1,,,L1157,
Br,2,90.599,0.010,,500,,,,,,,,,,,,,L7484,
Br,2,92.256,0.010,,300,,,,,,,,,,,,,L7484,
Br,2,94.897,0.010,,1000,,,,,,,,,,,,,L7484,
Br,3,94.90,0.10,,350,,,,,,,,,,,,,L7483,
Br,3,96.04,0.10,,400,,,,,,,,,,,,,L7483,
Br,3,98.49,0.10,,450,,,,,,,,,,,,,L7483,
Br,2,98.493,0.010,,500,,,,,,,,,,,,,L7484,
Br,2,101.210,0.010,,500,,,,,,,,,,,,,L7392,
Br,2,101.554,0.010,,1000,,,,,,,,,,,,,L7484,
Br,4,101.6346,0.0010,101.6412+,80,,,127443.7,225829.0,4s.4p3,3D,1,4s2.4p.5p,1D,2,,,L1157,
Br,2,103.702,0.010,,500,,,,,,,,,,,,,L7392,
Br,5,104.160,0.010,,600,,,,,,,,,,,,,L930,
Br,2,104.900,0.010,,1000,,,,,,,,,,,,,L7484,
Br,4,106.4325,0.0010,106.4327+,250,,,127443.7,221399.8,4s.4p3,3D,1,4s2.4p.5p,3P,2,,,L1157,
Br,2,106.476,0.010,,450,,,,,,,,,,,,,L7484,
Br,5,106.915,0.010,,1000,,,,,,,,,,,,,L930,
Br,2,107.187,0.010,,500,,,,,,,,,,,,,L7392,
Br,4,107.6587,0.0010,107.6589+,700,,,128513.8,221399.8,4s.4p3,3D,3,4s2.4p.5p,3P,2,,,L1157,
Br,5,108.054,0.010,,500,,,,,,,,,,,,,L930,
Br,4,108.8921,0.0010,108.8990+,150,,,128513.8,220342.0,4s.4p3,3D,3,4s2.4p.5p,3D,3,,,L1157,
Br,1,110.1498,0.0004,110.1498+,250,,,3685.24,94470.7,4s2.4p5,2P*,1/2,4s2.4p4.(1D<2>).6s,2[2],3/2,,,L351,
Br,5,111.213,0.010,,900,,,,,,,,,,,,,L930,
Br,4,112.3726,0.0010,112.3710+,25,,,127443.7,216434.6,4s.4p3,3D,1,4s2.4p.5p,3D,2,,,L1157,
Br,4,112.8545,0.0010,112.8620+,200,,,127443.7,216047.5,4s.4p3,3D,1,4s2.4p.5p,3D,1,,,L1157,
Br,1,113.4588,0.0007,113.46221+,300*,,,0.00,88135.07,4s2.4p5,2P*,3/2,4s2.4p4.(3P<2>).7s,2[2],5/2,,,L351,
Br,1,113.4588,0.0007,113.45753+,300*,,,3685.24,91823.95,4s2.4p5,2P*,1/2,4s2.4p4.(3P<2>).7d,2[0],1/2,,,L351,
Br,1,113.6294,0.0004,113.62900+,250,,,3685.24,91690.94,4s2.4p5,2P*,1/2,4s2.4p4.(3P<2>).7d,2[1],1/2,,,L351,
Br,5,114.356,0.010,,1000,,,,,,,,,,,,,L930,
Br,1,117.7233,0.0004,117.72301+,250,,,0.00,84945.16,4s2.4p5,2P*,3/2,4s2.4p4.(3P<0>).4d,2[2],5/2,,,L351,
Br,1,117.8895,0.0004,117.88894+,400,6.e+06,E,0.00,84825.60,4s2.4p5,2P*,3/2,4s.4p6,2S,1/2,,T3187,L351,
Br,1,118.9279,0.0004,118.92767+,1000,,,3685.24,87769.96,4s2.4p5,2P*,1/2,4s2.4p4.(3P<2>).5d,2[2],3/2,,,L351,
Br,1,118.9378,0.0004,118.93786+,250,,,0.00,84077.52,4s2.4p5,2P*,3/2,4s2.4p4.(3P<1>).4d,2[2],3/2,,,L351,
Br,1,118.9498,0.0004,118.95001+,1000,,,3685.24,87754.17,4s2.4p5,2P*,1/2,4s2.4p4.(3P<2>).5d,2[0],1/2,,,L351,
Br,1,119.8371,0.0004,119.83739+,500,,,3685.24,87131.65,4s2.4p5,2P*,1/2,4s2.4p4.(3P<2>).5d,2[1],3/2,,,L351,
Br,4,119.8714,0.0010,119.8762+,100,,,142409.6,225829.0,4s.4p3,3P,2,4s2.4p.5p,1D,2,,,L1157,
Br,1,120.9756,0.0004,120.97520+,800,,,0.00,82661.57,4s2.4p5,2P*,3/2,4s2.4p4.(3P<2>).6s,2[2],3/2,,,L351,
Br,1,121.0734,0.0004,121.07392+,1000,,,3685.24,86279.41,4s2.4p5,2P*,1/2,4s2.4p4.(3P<0>).6s,2[0],1/2,,,L351,
Br,1,121.6006,0.0004,121.60099+,750,,,0.00,82236.17,4s2.4p5,2P*,3/2,4s2.4p4.(3P<2>).6s,2[2],5/2,,,L351,
Br,1,122.1128,0.0004,122.11251+,1000,,,3685.24,85576.93,4s2.4p5,2P*,1/2,4s2.4p4.(3P<1>).6s,2[1],1/2,,,L351,
Br,1,122.1870,0.0004,122.18662+,900,,,0.00,81842.02,4s2.4p5,2P*,3/2,4s2.4p4.(3P<2>).4d,2[2],3/2,,,L351,
Br,1,122.3240,0.0004,122.32402+,1000,,,3685.24,85435.33,4s2.4p5,2P*,1/2,4s2.4p4.(3P<1>).6s,2[1],3/2,,,L351,
Br,1,122.4408,0.0004,122.44056+,1200,,,0.00,81672.28,4s2.4p5,2P*,3/2,4s2.4p4.(3P<2>).4d,2[2],5/2,,,L351,
Br,1,122.6899,0.0004,122.68983+,1200,,,3685.24,85191.59,4s2.4p5,2P*,1/2,4s2.4p4.(3P<0>).4d,2[2],3/2,,,L351,
Br,4,122.8041,0.0010,122.8023+,600,,,2622.0,84053.7,4s2.4p2,3P,1,4s.4p3,5S,2,,,L1157,
Br,1,122.8049,0.0004,122.80491+,750,,,0.00,81429.97,4s2.4p5,2P*,3/2,4s2.4p4.(3P<2>).4d,2[0],1/2,,,L351,
Br,1,123.2431,0.0004,123.24323+,7500,,,3685.24,84825.60,4s2.4p5,2P*,1/2,4s.4p6,2S,1/2,,,L351,
Br,1,124.3897,0.0004,124.39005+,1200,,,3685.24,84077.52,4s2.4p5,2P*,1/2,4s2.4p4.(3P<1>).4d,2[2],3/2,,,L351,
Br,1,124.9589,0.0004,124.95876+,800,,,0.00,80026.40,4s2.4p5,2P*,3/2,4s2.4p4.(3P<2>).4d,2[1],1/2,,,L351,
Br,1,125.1664,0.0004,125.16700+,1500,,,3685.24,83578.50,4s2.4p5,2P*,1/2,4s2.4p4.(3P<1>).4d,2[1],3/2,,,L351,
Br,1,125.5799,0.0004,125.57975+,1000,,,0.00,79630.67,4s2.4p5,2P*,3/2,4s2.4p4.(3P<2>).4d,2[1],3/2,,,L351,
Br,1,125.9199,0.0004,125.91945+,1500,,,3685.24,83101.09,4s2.4p5,2P*,1/2,4s2.4p4.(3P<1>).4d,2[1],1/2,,,L351,
Br,1,126.1658,0.0004,126.16560+,1200,,,0.00,79260.91,4s2.4p5,2P*,3/2,4s2.4p4.(3P<2>).4d,2[3],5/2,,,L351,
Br,4,126.3673,0.0010,126.3716+,800,,,139702.3,218834.0,4s.4p3,3P,0,4s2.4p.5p,3P,1,,,L1157,
Br,4,126.5949,0.0010,126.5980+,50,,,142409.6,221399.8,4s.4p3,3P,2,4s2.4p.5p,3P,2,,,L1157,
Br,1,126.6200,0.0004,126.62022+,1200,,,3685.24,82661.57,4s2.4p5,2P*,1/2,4s2.4p4.(3P<2>).6s,2[2],3/2,,,L351,
Br,4,126.6290,0.0010,126.6297+,500,,,143933.8,222904.2,4s.4p3,1D,2,4s2.4p.5p,3S,1,,,L1157,
Br,4,127.4822,0.0010,127.4831+,900,,,5611.9,84053.7,4s2.4p2,3P,2,4s.4p3,5S,2,,,L1157,
Br,1,127.9477,0.0004,127.94795+,1000,,,3685.24,81842.02,4s2.4p5,2P*,1/2,4s2.4p4.(3P<2>).4d,2[2],3/2,,,L351,
Br,4,128.3148,0.0010,128.3163+,20,,,142409.6,220342.0,4s.4p3,3P,2,4s2.4p.5p,3D,3,,,L1157,
Br,1,128.6259,0.0004,128.62608+,1000,,,3685.24,81429.97,4s2.4p5,2P*,1/2,4s2.4p4.(3P<2>).4d,2[0],1/2,,,L351,
Br,4,130.2667,0.0010,130.2721+,150,,,142071.6,218834.0,4s.4p3,3P,1,4s2.4p.5p,3P,1,,,L1157,
Br,4,130.8546,0.0010,130.8483+,500,,,142409.6,218834.0,4s.4p3,3P,2,4s2.4p.5p,3P,1,,,L1157,
Br,4,130.9903,0.0010,130.9840+,800,,,139702.3,216047.5,4s.4p3,3P,0,4s2.4p.5p,3D,1,,,L1157,
Br,1,130.9908,0.0004,130.99094+,3000,,,3685.24,80026.40,4s2.4p5,2P*,1/2,4s2.4p4.(3P<2>).4d,2[1],1/2,,,L351,
Br,3,131.35,0.10,,250,,,,,,,,,,,,,L7483,
Br,1,131.6735,0.0004,131.67349+,3000,,,3685.24,79630.67,4s2.4p5,2P*,1/2,4s2.4p4.(3P<2>).4d,2[1],3/2,,,L351,
Br,1,131.7372,0.0004,131.73750+,1000,2.8e+07,E,0.00,75908.53,4s2.4p5,2P*,3/2,4s2.4p4.(1D<2>).5s,2[2],3/2,,T8844,L351,
Br,1,131.7695,0.0004,131.76909+,2000,1.0e+09,E,0.00,75890.33,4s2.4p5,2P*,3/2,4s2.4p4.(1D<2>).5s,2[2],5/2,,T8844,L351,
Br,4,134.4705,0.0010,134.475+,300,,,142071.6,216434.6,4s.4p3,3P,1,4s2.4p.5p,3D,2,,,L1157,
Br,4,135.1677,0.0010,135.179+,200,,,142071.6,216047.5,4s.4p3,3P,1,4s2.4p.5p,3D,1,,,L1157,
Br,4,135.7912,0.0010,135.800+,120,,,142409.6,216047.5,4s.4p3,3P,2,4s2.4p.5p,3D,1,,,L1157,
Br,4,137.9231,0.0010,137.930+,20,,,143933.8,216434.6,4s.4p3,1D,2,4s2.4p.5p,3D,2,,,L1157,
Br,1,138.4598,0.0004,138.4595+,12000,5.e+08,E,3685.24,75908.53,4s2.4p5,2P*,1/2,4s2.4p4.(1D<2>).5s,2[2],3/2,,T8844,L351,
Br,3,140.29,0.10,,250,,,,,,,,,,,,,L7483,
Br,5,142.975,0.010,,150,,,,,,,,,,,,,L930,
Br,5,144.260,0.010,,400,,,,,,,,,,,,,L930,
Br,1,144.9903,0.0004,144.9901+,3000,9.e+08,E,0.00,68970.21,4s2.4p5,2P*,3/2,4s2.4p4.(3P<0>).5s,2[0],1/2,,T8844,L351,
Br,5,147.035,0.010,,150,,,,,,,,,,,,,L930,
Br,4,147.3561,0.0010,147.355+,150,,,16190.4,84053.7,4s2.4p2,1D,2,4s.4p3,5S,2,,,L1157,
Br,1,148.8452,0.0004,148.8459+,50000,2.0e+08,D+,0.00,67183.58,4s2.4p5,2P*,3/2,4s2.4p4.(3P<1>).5s,2[1],3/2,,T3064,L351,
Br,4,150.8025,0.0010,150.792+,120,,,159512.7,225829.0,4s2.4p.4d,3F,3,4s2.4p.5p,1D,2,,,L1157,
Br,1,153.1743,0.0004,153.1746+,30000,6.e+08,E,3685.24,68970.21,4s2.4p5,2P*,1/2,4s2.4p4.(3P<0>).5s,2[0],1/2,,T8844,L351,
Br,1,154.0654,0.0004,154.0661+,25000,2.2e+08,D+,0.00,64907.19,4s2.4p5,2P*,3/2,4s2.4p4.(3P<2>).5s,2[2],3/2,,T3064,L351,
Br,1,157.4841,0.0004,157.4844+,30000,2.0e+07,D+,3685.24,67183.58,4s2.4p5,2P*,1/2,4s2.4p4.(3P<1>).5s,2[1],3/2,,T3064,L351,
Br,1,157.6387,0.0004,157.6381+,20000,5.7e+06,D+,0.00,63436.45,4s2.4p5,2P*,3/2,4s2.4p4.(3P<2>).5s,2[2],5/2,,T3064,L351,
Br,1,158.2312,0.0004,158.2313+,25000,5.e+07,E,3685.24,66883.87,4s2.4p5,2P*,1/2,4s2.4p4.(3P<1>).5s,2[1],1/2,,T8844,L351,
Br,4,159.3830,0.0010,159.374+,700,,,163083.5,225829.0,4s2.4p.4d,3F,2,4s2.4p.5p,1D,2,,,L1157,
Br,4,161.5890,0.0010,161.585+,700,,,159512.7,221399.8,4s2.4p.4d,3F,3,4s2.4p.5p,3P,2,,,L1157,
Br,1,163.3404,0.0004,163.3401+,75000,2.3e+07,D+,3685.24,64907.19,4s2.4p5,2P*,1/2,4s2.4p4.(3P<2>).5s,2[2],3/2,,T3064,L351,
Br,4,164.3988,0.0010,164.394+,900,,,159512.7,220342.0,4s2.4p.4d,3F,3,4s2.4p.5p,3D,3,,,L1157,
Br,4,170.3506,0.0010,170.345+,1000,,,161637.6,220342.0,4s2.4p.4d,3F,4,4s2.4p.5p,3D,3,,,L1157,
Br,4,174.6459,0.0010,174.647+,600,,,163083.5,220342.0,4s2.4p.4d,3F,2,4s2.4p.5p,3D,3,,,L1157,
Br,4,177.2420,0.0010,177.225+,30,,,169403.5,225829.0,4s2.4p.4d,3D,2,4s2.4p.5p,1D,2,,,L1157,
Br,4,180.0257,0.0010,180.026+,800,,,167356.6,222904.2,4s2.4p.4d,3D,1,4s2.4p.5p,3S,1,,,L1157,
Br,4,186.6495,0.0010,186.657+,100,,,172254.9,225829.0,4s2.4p.4d,3D,3,4s2.4p.5p,1D,2,,,L1157,
Br,4,192.3198,0.0010,192.321+,700,,,169403.5,221399.8,4s2.4p.4d,3D,2,4s2.4p.5p,3P,2,,,L1157,
Br,4,194.2712,0.0010,194.260+,150,,,167356.6,218834.0,4s2.4p.4d,3D,1,4s2.4p.5p,3P,1,,,L1157,
Br,4,200.8221,0.0010,200.843+,10,,,176054.9,225829.0,4s2.4p.4d,3P,2,4s2.4p.5p,1D,2,,,L1157,
Br,4,202.2069,0.0010,202.239+,10,,,169403.5,218834.0,4s2.4p.4d,3D,2,4s2.4p.5p,3P,1,,,L1157,
Br,4,202.3885,0.0010,202.403+,800,,,216047.5,265438.0,4s2.4p.5p,3D,1,4s2.4p.6s,1P,1,,,L1157,
Br,4,202.8526,0.0010,202.847+,600,,,216155.6,265438.0,4s2.4p.5p,3P,0,4s2.4p.6s,1P,1,,,L1157,
Br,4,203.4291,0.0010,203.415+,800,,,172254.9,221399.8,4s2.4p.4d,3D,3,4s2.4p.5p,3P,2,,,L1157,
Br,4,203.6842,0.0010,203.692+,200,,,167356.6,216434.6,4s2.4p.4d,3D,1,4s2.4p.5p,3D,2,,,L1157,
Br,4,203.9836,0.0010,204.002+,10,,,216434.6,265438.0,4s2.4p.5p,3D,2,4s2.4p.6s,1P,1,,,L1157,
Br,4,204.8796,0.0010,204.857+,800,,,167356.6,216155.6,4s2.4p.4d,3D,1,4s2.4p.5p,3P,0,,,L1157,
Br,4,206.6450,0.0010,206.672+,600,,,216047.5,264418.0,4s2.4p.5p,3D,1,4s2.4p.6s,3P,2,,,L1157,
Br,4,207.8998,0.0010,207.890+,500,,,172254.9,220342.0,4s2.4p.4d,3D,3,4s2.4p.5p,3D,3,,,L1157,
Br,4,208.3232,0.0010,208.339+,500,,,216434.6,264418.0,4s2.4p.5p,3D,2,4s2.4p.6s,3P,2,,,L1157,
Br,4,209.1945,0.0010,209.192+,1000,,,178041.3,225829.0,4s2.4p.4d,1F,3,4s2.4p.5p,1D,2,,,L1157,
Br,4,212.5793,0.0010,212.558+,300,,,169403.5,216434.6,4s2.4p.4d,3D,2,4s2.4p.5p,3D,2,,,L1157,
Br,4,213.3789,0.0010,213.383+,1000,,,176054.9,222904.2,4s2.4p.4d,3P,2,4s2.4p.5p,3S,1,,,L1157,
Br,4,214.3007,0.0010,214.322+,900,,,169403.5,216047.5,4s2.4p.4d,3D,2,4s2.4p.5p,3D,1,,,L1157,
Br,4,214.5014,0.0010,214.506+,1000,,,218834.0,265438.0,4s2.4p.5p,3P,1,4s2.4p.6s,1P,1,,,L1157,
Br,4,217.8717,0.0010,217.895+,800,,,179949.7,225829.0,4s2.4p.4d,3P,1,4s2.4p.5p,1D,2,,,L1157,
Br,4,219.3170,0.0010,219.307+,700,,,218834.0,264418.0,4s2.4p.5p,3P,1,4s2.4p.6s,3P,2,,,L1157,
Br,4,220.4477,0.0010,220.463+,900,,,176054.9,221399.8,4s2.4p.4d,3P,2,4s2.4p.5p,3P,2,,,L1157,
Br,4,224.1517,0.0010,224.160+,700,,,178307.0,222904.2,4s2.4p.4d,3P,0,4s2.4p.5p,3S,1,,,L1157,
Br,4,224.3385,0.0010,224.348+,400,,,181269.2,225829.0,4s2.4p.4d,1P,1,4s2.4p.5p,1D,2,,,L1157,
Br,4,225.7212,0.0010,225.729+,1000,,,176054.9,220342.0,4s2.4p.4d,3P,2,4s2.4p.5p,3D,3,,,L1157,
Br,4,226.2982,0.0010,226.278+,800,,,172254.9,216434.6,4s2.4p.4d,3D,3,4s2.4p.5p,3D,2,,,L1157,
Br,4,226.8107,0.0010,226.811+,500,,,220342.0,264418.0,4s2.4p.5p,3D,3,4s2.4p.6s,3P,2,,,L1157,
Br,4,226.9996,0.0010,227.005+,800,,,221399.8,265438.0,4s2.4p.5p,3P,2,4s2.4p.6s,1P,1,,,L1157,
Br,4,227.2725,0.0010,227.259+,1000,,,181840.0,225829.0,4s2.4p.5s,3P,1,4s2.4p.5p,1D,2,,,L1157,
Br,2,228.517,0.010,,350,,,,,,,,,,,,,L7392,
Br,2,228.760,0.010,,350,,,,,,,,,,,,,L7392,
Br,3,229.344,0.010,,400w,,,,,,,,,,,,,L7483,
Br,4,230.7398,0.0010,230.739+,1000,,,182503.3,225829.0,4s2.4p.4d,1D,2,4s2.4p.5p,1D,2,,,L1157,
Br,3,231.329,0.010,,300,,,,,,,,,,,,,L7483,
Br,2,231.730,0.010,,500w,,,,,,,,,,,,,L7392,
Br,4,232.3944,0.0010,232.388+,350,,,221399.8,264418.0,4s2.4p.5p,3P,2,4s2.4p.6s,3P,2,,,L1157,
Br,4,232.7203,0.0010,232.733+,700,,,179949.7,222904.2,4s2.4p.4d,3P,1,4s2.4p.5p,3S,1,,,L1157,
Br,4,232.9764,0.0010,232.971+,800,,,179993.6,222904.2,4s2.4p.5s,3P,0,4s2.4p.5p,3S,1,,,L1157,
Br,4,233.6921,0.0010,233.687+,900,,,176054.9,218834.0,4s2.4p.4d,3P,2,4s2.4p.5p,3P,1,,,L1157,
Br,2,233.693,0.010,,400,,,,,,,,,,,,,L7392,
Br,4,235.0226,0.0010,235.035+,750,,,222904.2,265438.0,4s2.4p.5p,3S,1,4s2.4p.6s,1P,1,,,L1157,
Br,4,236.3192,0.0010,236.330+,25,,,178041.3,220342.0,4s2.4p.4d,1F,3,4s2.4p.5p,3D,3,,,L1157,
Br,2,238.645,0.010,,350,,,,,,,,,,,,,L7392,
Br,2,238.670,0.010,,500,,,,,,,,,,,,,L7392,
Br,2,238.869,0.010,,300,,,,,,,,,,,,,L7392,
Br,2,238.896,0.010,,450,,,,,,,,,,,,,L7392,
Br,2,238.969,0.010,,500,,,,,,,,,,,,,L7392,
Br,2,239.221,0.010,,350,,,,,,,,,,,,,L7392,
Br,2,239.242,0.010,,400,,,,,,,,,,,,,L7392,
Br,4,240.8161,0.0010,240.811+,1000,,,222904.2,264418.0,4s2.4p.5p,3S,1,4s2.4p.6s,3P,2,,,L1157,
Br,4,241.1579,0.0010,241.181+,1000,,,179949.7,221399.8,4s2.4p.4d,3P,1,4s2.4p.5p,3P,2,,,L1157,
Br,3,246.239,0.010,,300,,,,,,,,,,,,,L7483,
Br,3,248.260,0.010,,300,,,,,,,,,,,,,L7483,
Br,2,248.850,0.010,,300,,,,,,,,,,,,,L7392,
Br,2,249.522,0.010,,300w,,,,,,,,,,,,,L7392,
Br,3,249.925,0.010,,350,,,,,,,,,,,,,L773,
Br,2,252.170,0.010,,450,,,,,,,,,,,,,L7392,
Br,3,252.949,0.010,,350,,,,,,,,,,,,,L7483,
Br,2,254.148,0.010,,400,,,,,,,,,,,,,L7392,
Br,3,255.109,0.010,,350w,,,,,,,,,,,,,L7483,
Br,2,255.692,0.010,,400,,,,,,,,,,,,,L7392,
Br,3,257.083,0.010,,350w,,,,,,,,,,,,,L7483,
Br,3,257.317,0.010,,300w,,,,,,,,,,,,,L7483,
Br,3,258.499,0.010,,400w,,,,,,,,,,,,,L7483,
Br,3,258.914,0.010,,500,,,,,,,,,,,,,L7483,
Br,3,259.448,0.010,,300w,,,,,,,,,,,,,L7483,
Br,3,259.598,0.010,,400w,,,,,,,,,,,,,L7483,
Br,3,260.620,0.010,,450w,,,,,,,,,,,,,L7483,
Br,3,260.815,0.010,,350w,,,,,,,,,,,,,L7483,
Br,3,261.313,0.010,,500w,,,,,,,,,,,,,L7483,
Br,3,261.626,0.010,,350w,,,,,,,,,,,,,L7483,
Br,3,262.652,0.010,,500w,,,,,,,,,,,,,L7483,
Br,3,262.923,0.010,,350w,,,,,,,,,,,,,L7483,
Br,3,263.960,0.010,,350w,,,,,,,,,,,,,L7483,
Br,3,267.153,0.010,,350w,,,,,,,,,,,,,L7483,
Br,2,269.017,0.010,,350,,,,,,,,,,,,,L7392,
Br,2,271.377,0.010,,400,,,,,,,,,,,,,L7392,
Br,3,273.583,0.010,,350w,,,,,,,,,,,,,L7483,
Br,2,274.652,0.010,,350w,,,,,,,,,,,,,L7392,
Br,3,277.050,0.010,,300,,,,,,,,,,,,,L7483,
Br,3,278.528,0.010,,300w,,,,,,,,,,,,,L7483,
Br,3,280.416,0.010,,300,,,,,,,,,,,,,L7483,
Br,2,280.755,0.010,,300w,,,,,,,,,,,,,L7392,
Br,2,289.340,0.010,,400w,,,,,,,,,,,,,L7392,
Br,2,291.718,0.010,,400w,,,,,,,,,,,,,L7392,
Br,3,292.696,0.010,,400,,,,,,,,,,,,,L7483,
Br,3,293.622,0.010,,300,,,,,,,,,,,,,L7483,
Br,2,296.721,0.010,,400w,,,,,,,,,,,,,L7392,
Br,3,296.900,0.010,,350,,,,,,,,,,,,,L7483,
Br,2,297.226,0.010,,500w,,,,,,,,,,,,,L7392,
Br,2,298.186,0.010,,300,,,,,,,,,,,,,L7392,
Br,2,298.587,0.010,,300w,,,,,,,,,,,,,L7392,
Br,2,298.653,0.010,,300w,,,,,,,,,,,,,L7392,
Br,3,299.404,0.010,,400,,,,,,,,,,,,,L7483,
Br,2,301.648,0.010,,300w,,,,,,,,,,,,,L7392,
Br,3,302.076,0.010,,500,,,,,,,,,,,,,L7483,
Br,3,303.363,0.010,,300,,,,,,,,,,,,,L7483,
Br,3,303.645,0.010,,350,,,,,,,,,,,,,L7483,
Br,3,307.442,0.010,,500,,,,,,,,,,,,,L7483,
Br,3,309.194,0.010,,350,,,,,,,,,,,,,L7483,
Br,3,311.729,0.010,,350,,,,,,,,,,,,,L7483,
Br,3,314.781,0.010,,300,,,,,,,,,,,,,L773,
Br,3,317.408,0.010,,400,,,,,,,,,,,,,L773,
Br,3,332.108,0.010,,300,,,,,,,,,,,,,L7483,
Br,3,333.307,0.010,,450,,,,,,,,,,,,,L773,
Br,3,334.964,0.010,,500,,,,,,,,,,,,,L773,
Br,3,338.525,0.010,,300,,,,,,,,,,,,,L773,
Br,2,342.382,0.010,,350,,,,,,,,,,,,,L7484,
Br,3,344.736,0.010,,450,,,,,,,,,,,,,L773,
Br,3,348.758,0.010,,400,,,,,,,,,,,,,L773,
Br,3,350.647,0.010,,300,,,,,,,,,,,,,L7483,
Br,3,351.736,0.010,,450,,,,,,,,,,,,,L773,
Br,3,354.016,0.010,,500,,,,,,,,,,,,,L773,
Br,3,355.108,0.010,,300,,,,,,,,,,,,,L7483,
Br,3,356.243,0.010,,500,,,,,,,,,,,,,L773,
Br,3,360.071,0.010,,450,,,,,,,,,,,,,L773,
Br,2,360.680,0.010,,300w,,,,,,,,,,,,,L7392,
Br,3,369.353,0.010,,250,,,,,,,,,,,,,L7483,
Br,2,371.430,0.010,,350,,,,,,,,,,,,,L7484,
Br,1,381.5650,0.0005,381.5654+,1200,,,63436.45,89636.84,4s2.4p4.(3P<2>).5s,2[2],5/2,4s2.4p4.(3P<2>).7p,2[3]*,7/2,,,L351,
Br,3,382.026,0.010,,450,,,,,,,,,,,,,L773,
Br,2,383.469,0.010,,350,,,,,,,,,,,,,L7484,
Br,2,387.121,0.010,,300,,,,,,,,,,,,,L7484,
Br,2,389.163,0.010,,400,,,,,,,,,,,,,L7484,
Br,2,390.124,0.010,,300,,,,,,,,,,,,,L7484,
Br,3,390.395,0.010,,200,,,,,,,,,,,,,L7483,
Br,2,391.420,0.010,,300,,,,,,,,,,,,,L7484,
Br,2,391.438,0.010,,500,,,,,,,,,,,,,L7484,
Br,2,391.951,0.010,,350,,,,,,,,,,,,,L7484,
Br,2,392.409,0.010,,400,,,,,,,,,,,,,L7484,
Br,2,392.955,0.010,,300,,,,,,,,,,,,,L7484,
Br,2,393.969,0.010,,350,,,,,,,,,,,,,L7484,
Br,2,395.061,0.010,,350,,,,,,,,,,,,,L7484,
Br,2,398.038,0.010,,500,,,,,,,,,,,,,L7484,
Br,1,399.2363,0.0005,399.2363+,1500,,,64907.19,89947.93,4s2.4p4.(3P<2>).5s,2[2],3/2,4s2.4p4.(3P<0>).6p,2[1]*,3/2,,,L351,
Br,2,402.404,0.010,,300,,,,,,,,,,,,,L7484,
Br,2,413.566,0.010,,300,,,,,,,,,,,,,L7484,
Br,2,414.020,0.010,,300,,,,,,,,,,,,,L7484,
Br,2,417.963,0.010,,400,,,,,,,,,,,,,L7484,
Br,2,419.345,0.010,,300,,,,,,,,,,,,,L7484,
Br,2,422.389,0.010,,1000,,,,,,,,,,,,,L7484,
Br,2,423.689,0.010,,300,,,,,,,,,,,,,L7484,
Br,2,429.139,0.010,,300,,,,,,,,,,,,,L7392,
Br,1,436.5139,0.0006,436.515+,2000,1.5e+06,D+,66883.87,89786.18,4s2.4p4.(3P<1>).5s,2[1],1/2,4s2.4p4.(3P<2>).7p,2[1]*,3/2,,T1857n,L351,
Br,2,436.560,0.010,,1000,,,,,,,,,,,,,L7484,
Br,1,442.5140,0.0006,442.513+,1500,9.e+05,D+,64907.19,87499.03,4s2.4p4.(3P<2>).5s,2[2],3/2,4s2.4p4.(1D<2>).5p,2[1]*,1/2,,T1857n,L351,
Br,1,444.1740,0.0006,444.173+,10000,1.5e+06,C,63436.45,85943.86,4s2.4p4.(3P<2>).5s,2[2],5/2,4s2.4p4.(3P<2>).6p,2[1]*,3/2,,"T6936n,T9382",L351,
Br,1,447.2609,0.0006,447.260+,10000,2.2e+06,D,64907.19,87259.29,4s2.4p4.(3P<2>).5s,2[2],3/2,4s2.4p4.(1D<2>).5p,2[1]*,3/2,,"T6936n,T9382",L351,
Br,1,447.7720,0.0006,447.772+,20000,2.1e+06,C,63436.45,85762.98,4s2.4p4.(3P<2>).5s,2[2],5/2,4s2.4p4.(3P<2>).6p,2[3]*,7/2,,"T6936n,T9382",L351,
Br,1,449.0419,0.0006,449.041+,1000,1.6e+06,E,66883.87,89147.30,4s2.4p4.(3P<1>).5s,2[1],1/2,4s2.4p4.(3P<1>).6p,2[1]*,1/2,,T1857n,L351,
Br,3,450.655,0.010,,350,,,,,,,,,,,,,L773,
Br,1,451.3439,0.0006,451.344+,3000,5.7e+05,D+,63436.45,85586.30,4s2.4p4.(3P<2>).5s,2[2],5/2,4s2.4p4.(3P<2>).6p,2[2]*,3/2,,T1857n,L351,
Br,3,451.974,0.010,,200,,,,,,,,,,,,,L7483,
Br,1,452.5590,0.0006,452.559+,15000,1.5e+06,D+,63436.45,85526.82,4s2.4p4.(3P<2>).5s,2[2],5/2,4s2.4p4.(3P<2>).6p,2[2]*,5/2,,T1857n,L351,
Br,2,452.960,0.010,,300,,,,,,,,,,,,,L7484,
Br,2,454.292,0.010,,500,,,,,,,,,,,,,L7484,
Br,1,457.5739,0.0006,457.574+,3000,,,67183.58,89031.84,4s2.4p4.(3P<1>).5s,2[1],3/2,4s2.4p4.(3P<1>).6p,2[1]*,3/2,,,L351,
Br,2,460.136,0.010,,300,,,,,,,,,,,,,L7484,
Br,1,461.4579,0.0006,461.457+,2500,,,67183.58,88848.01,4s2.4p4.(3P<1>).5s,2[1],3/2,4s2.4p4.(3P<1>).6p,2[2]*,5/2,,,L351,
Br,2,462.270,0.010,,350,,,,,,,,,,,,,L7392,
Br,2,464.202,0.010,,300,,,,,,,,,,,,,L7484,
Br,2,465.198,0.010,,300,,,,,,,,,,,,,L7484,
Br,2,467.870,0.010,,500,,,,,,,,,,,,,L7484,
Br,2,469.317,0.010,,400,,,,,,,,,,,,,L7392,
Br,2,470.485,0.010,,500,1.1e+08,,,,,,2,,,3,,T8043,L7484,
Br,2,471.976,0.010,,350,,,,,,,,,,,,,L7484,
Br,2,472.036,0.010,,400,,,,,,,,,,,,,L7484,
Br,2,472.820,0.010,,300,,,,,,,,,,,,,L7392,
Br,2,473.541,0.010,,300,,,,,,,,,,,,,L7484,
Br,2,474.264,0.010,,400,,,,,,,,,,,,,L7392,
Br,1,475.2280,0.0007,475.228+,2500,,,64907.19,85943.86,4s2.4p4.(3P<2>).5s,2[2],3/2,4s2.4p4.(3P<2>).6p,2[1]*,3/2,,,L351,
Br,2,476.600,0.010,,350,,,,,,,,,,,,,L7484,
Br,2,477.940,0.010,,400,,,,,,,,,,,,,L7484,
Br,1,478.0310,0.0007,478.030+,4000,,,64907.19,85820.53,4s2.4p4.(3P<2>).5s,2[2],3/2,4s2.4p4.(3P<2>).6p,2[3]*,5/2,,,L351,
Br,1,478.5190,0.0007,478.518+,1600,,,64907.19,85799.19,4s2.4p4.(3P<2>).5s,2[2],3/2,4s2.4p4.(3P<2>).6p,2[1]*,1/2,,,L351,
Br,2,478.550,0.010,,500,9.4e+07,,,,,,2,,,2,,T8043,L7484,
Br,2,480.233,0.010,,300,,,,,,,,,,,,,L7484,
Br,2,481.670,0.010,,500,1.1e+08,,,,,,2,,,1,,T8043,L7484,
Br,2,481.846,0.010,,300,,,,,,,,,,,,,L7392,
Br,2,484.481,0.010,,350,,,,,,,,,,,,,L7392,
Br,2,484.875,0.010,,350,,,,,,,,,,,,,L7484,
Br,2,492.112,0.010,,400,,,,,,,,,,,,,L7392,
Br,2,492.879,0.010,,400,,,,,,,,,,,,,L7484,
Br,2,493.066,0.010,,450,,,,,,,,,,,,,L7484,
Br,2,494.551,0.010,,300,,,,,,,,,,,,,L7392,
Br,1,497.9759,0.0007,497.975+,4000,5.3e+05,D+,67183.58,87259.29,4s2.4p4.(3P<1>).5s,2[1],3/2,4s2.4p4.(1D<2>).5p,2[1]*,3/2,,T1857n,L351,
Br,2,503.874,0.010,,300,,,,,,,,,,,,,L7484,
Br,2,505.464,0.010,,300,,,,,,,,,,,,,L7484,
Br,2,516.438,0.010,,400,,,,,,,,,,,,,L7484,
Br,3,517.587,0.010,,150,,,,,,,,,,,,,L7483,
Br,2,518.001,0.010,,300,,,,,,,,,,,,,L7392,
Br,2,518.235,0.010,,500,,,,,,,,,,,,,L7484,
Br,2,519.390,0.010,,300,,,,,,,,,,,,,L7484,
Br,2,523.823,0.010,,500,,,,,,,,,,,,,L7484,
Br,1,524.5119,0.0008,524.513+,350,,,66883.87,85943.86,4s2.4p4.(3P<1>).5s,2[1],1/2,4s2.4p4.(3P<2>).6p,2[1]*,3/2,,,L351,
Br,2,527.268,0.010,,300,,,,,,,,,,,,,L7392,
Br,2,530.410,0.010,,350,,,,,,,,,,,,,L7484,
Br,2,533.057,0.010,,400,,,,,,,,,,,,,L7392,
Br,2,533.205,0.010,,500,,,,,,,,,,,,,L7484,
Br,1,534.5421,0.0008,534.541+,600,,,66883.87,85586.30,4s2.4p4.(3P<1>).5s,2[1],1/2,4s2.4p4.(3P<2>).6p,2[2]*,3/2,,,L351,
Br,1,536.4190,0.0008,536.419+,300,2.9e+04,E,67183.58,85820.53,4s2.4p4.(3P<1>).5s,2[1],3/2,4s2.4p4.(3P<2>).6p,2[3]*,5/2,,T1857n,L351,
Br,1,537.0340,0.0008,537.034+,300,5.e+04,E,67183.58,85799.19,4s2.4p4.(3P<1>).5s,2[1],3/2,4s2.4p4.(3P<2>).6p,2[1]*,1/2,,T1857n,L351,
Br,1,539.5480,0.0014,539.550+,2100hfs,,,68970.21,87499.03,4s2.4p4.(3P<0>).5s,2[0],1/2,4s2.4p4.(1D<2>).5p,2[1]*,1/2,,,L351,
Br,2,542.278,0.010,,400,,,,,,,,,,,,,L7484,
Br,2,542.499,0.010,,350,,,,,,,,,,,,,L7484,
Br,2,543.507,0.010,,300,,,,,,,,,,,,,L7392,
Br,3,544.680,0.010,,100,,,,,,,,,,,,,L7483,
Br,1,546.6219,0.0009,546.622+,1200,,,68970.21,87259.29,4s2.4p4.(3P<0>).5s,2[0],1/2,4s2.4p4.(1D<2>).5p,2[1]*,3/2,,,L351,
Br,2,547.847,0.010,,350,,,,,,,,,,,,,L7392,
Br,2,548.879,0.010,,300,,,,,,,,,,,,,L7484,
Br,2,549.506,0.010,,300,,,,,,,,,,,,,L7484,
Br,2,550.669,0.010,,500,,,,,,,,,,,,,L7392,
Br,2,558.994,0.010,,350,,,,,,,,,,,,,L7484,
Br,2,571.871,0.010,,300,,,,,,,,,,,,,L7392,
Br,2,583.078,0.010,,300,,,,,,,,,,,,,L7484,
Br,1,585.2079,0.0010,585.208+,1800,,,74672.32,91755.54,4s2.4p4.(3P<2>).5p,2[2]*,5/2,4s2.4p4.(3P<2>).7d,2[3],7/2,,,L351,
Br,1,594.0481,0.0010,594.048+,1600,,,68970.21,85799.19,4s2.4p4.(3P<0>).5s,2[0],1/2,4s2.4p4.(3P<2>).6p,2[1]*,1/2,,,L351,
Br,1,612.2139,0.0011,612.214+,2400,,,75521.50,91851.14,4s2.4p4.(3P<2>).5p,2[3]*,7/2,4s2.4p4.(3P<2>).7d,2[4],9/2,,,L351,
Br,1,614.8598,0.0011,614.857+,40000,,,63436.45,79695.89,4s2.4p4.(3P<2>).5s,2[2],5/2,4s2.4p4.(3P<0>).5p,2[1]*,3/2,,,L351,
Br,2,616.174,0.010,,300,,,,,,,,,,,,,L7484,
Br,1,617.7389,0.0011,617.739+,2000,,,75697.05,91880.64,4s2.4p4.(3P<2>).5p,2[3]*,5/2,4s2.4p4.(3P<2>).7d,2[4],7/2,,,L351,
Br,1,633.5480,0.0011,633.548+,1500,,,75009.13,90788.90,4s2.4p4.(3P<2>).5p,2[2]*,3/2,4s2.4p4.(3P<2>).8s,2[2],5/2,,,L351,
Br,1,635.0730,0.0011,635.073+,60000,2.2e+06,C,63436.45,79178.33,4s2.4p4.(3P<2>).5s,2[2],5/2,4s2.4p4.(3P<1>).5p,2[1]*,3/2,,"T6936n,T9382",L351,
Br,2,635.294,0.010,,400,,,,,,,,,,,,,L7484,
Br,1,641.0322,0.0012,641.032+,2500,,,74672.32,90267.85,4s2.4p4.(3P<2>).5p,2[2]*,5/2,4s2.4p4.(3P<2>).6d,2[4],7/2,,,L351,
Br,1,648.3562,0.0012,648.356+,1800,,,75009.13,90428.50,4s2.4p4.(3P<2>).5p,2[2]*,3/2,4s2.4p4.(3P<2>).6d,2[0],1/2,,,L351,
Br,1,651.4620,0.0012,651.464+,1000,,,75009.13,90354.93,4s2.4p4.(3P<2>).5p,2[2]*,3/2,4s2.4p4.(3P<2>).6d,2[2],5/2,,,L351,
Br,1,654.4571,0.0012,654.456+,20000,,,74672.32,89947.97,4s2.4p4.(3P<2>).5p,2[2]*,5/2,4s2.4p4.(3P<2>).6d,2[3],5/2,,,L351,
Br,1,654.8091,0.0012,654.809+,1500,,,75521.50,90788.90,4s2.4p4.(3P<2>).5p,2[3]*,7/2,4s2.4p4.(3P<2>).8s,2[2],5/2,,,L351,
Br,1,655.9799,0.0018,655.978+,50000c,7.0e+05,C,63436.45,78676.65,4s2.4p4.(3P<2>).5s,2[2],5/2,4s2.4p4.(3P<1>).5p,2[2]*,3/2,,"T6936n,T9382",L351,
Br,1,657.1312,0.0012,657.131+,1000,,,76743.08,91956.55,4s2.4p4.(3P<2>).5p,2[1]*,3/2,4s2.4p4.(3P<2>).7d,2[2],5/2,,,L351,
Br,1,657.9139,0.0012,657.913+,1800,,,74672.32,89867.69,4s2.4p4.(3P<2>).5p,2[2]*,5/2,4s2.4p4.(3P<2>).6d,2[1],3/2,,,L351,
Br,1,658.2171,0.0012,658.216+,20000,,,74672.32,89860.70,4s2.4p4.(3P<2>).5p,2[2]*,5/2,4s2.4p4.(3P<2>).6d,2[3],7/2,,,L351,
Br,1,662.0469,0.0012,662.047+,1500,,,75697.05,90797.55,4s2.4p4.(3P<2>).5p,2[3]*,5/2,4s2.4p4.(3P<2>).8s,2[2],3/2,,,L351,
Br,1,663.1619,0.0018,663.160+,50000c,7.0e+05,C,63436.45,78511.60,4s2.4p4.(3P<2>).5s,2[2],5/2,4s2.4p4.(3P<1>).5p,2[2]*,5/2,,"T6936n,T9382",L351,
Br,1,668.2281,0.0012,668.227+,20000,,,64907.19,79868.03,4s2.4p4.(3P<2>).5s,2[2],3/2,4s2.4p4.(3P<0>).5p,2[1]*,1/2,,,L351,
Br,1,669.2130,0.0013,669.211+,10000,,,75009.13,89947.97,4s2.4p4.(3P<2>).5p,2[2]*,3/2,4s2.4p4.(3P<2>).6d,2[3],5/2,,,L351,
Br,1,672.8279,0.0013,672.827+,8000,,,75009.13,89867.69,4s2.4p4.(3P<2>).5p,2[2]*,3/2,4s2.4p4.(3P<2>).6d,2[1],3/2,,,L351,
Br,1,676.0058,0.0013,676.005+,2000,,,64907.19,79695.89,4s2.4p4.(3P<2>).5s,2[2],3/2,4s2.4p4.(3P<0>).5p,2[1]*,3/2,,,L351,
Br,1,677.9482,0.0013,677.947+,2000,,,75521.50,90267.85,4s2.4p4.(3P<2>).5p,2[3]*,7/2,4s2.4p4.(3P<2>).6d,2[4],7/2,,,L351,
Br,1,678.6740,0.0013,678.672+,2200,,,75697.05,90427.64,4s2.4p4.(3P<2>).5p,2[3]*,5/2,4s2.4p4.(3P<1>).5d,2[3],7/2,,,L351,
Br,1,679.0040,0.0013,679.004+,6500,,,75521.50,90244.89,4s2.4p4.(3P<2>).5p,2[3]*,7/2,4s2.4p4.(3P<2>).6d,2[4],9/2,,,L351,
Br,1,679.1479,0.0018,679.148+,1600c,,,75009.13,89729.40,4s2.4p4.(3P<2>).5p,2[2]*,3/2,4s2.4p4.(3P<2>).6d,2[1],1/2,,,L351,
Br,1,686.1148,0.0013,686.115+,1800,,,75697.05,90267.85,4s2.4p4.(3P<2>).5p,2[3]*,5/2,4s2.4p4.(3P<2>).6d,2[4],7/2,,,L351,
Br,1,700.5192,0.0014,700.522+,10000,4.3e+06,C,64907.19,79178.33,4s2.4p4.(3P<2>).5s,2[2],3/2,4s2.4p4.(3P<1>).5p,2[1]*,3/2,,"T6936n,T9382",L351,
Br,3,719.28,0.10,,100,,,,,,,,,,,,,L7483,
Br,1,726.0448,0.0015,726.045+,2000,5.6e+05,C,64907.19,78676.65,4s2.4p4.(3P<2>).5s,2[2],3/2,4s2.4p4.(3P<1>).5p,2[2]*,3/2,,"T6936n,T9382",L351,
Br,1,734.8512,0.0015,734.853+,10000,4.7e+06,C,64907.19,78511.60,4s2.4p4.(3P<2>).5s,2[2],3/2,4s2.4p4.(3P<1>).5p,2[2]*,5/2,,"T6936n,T9382",L351,
Br,1,751.2959,0.0015,751.298+,40000,,,63436.45,76743.08,4s2.4p4.(3P<2>).5s,2[2],5/2,4s2.4p4.(3P<2>).5p,2[1]*,3/2,,,L351,
Br,1,759.1611,0.0016,759.161+,1600,,,64907.19,78076.00,4s2.4p4.(3P<2>).5s,2[2],3/2,4s2.4p4.(3P<1>).5p,2[0]*,1/2,,,L351,
Br,1,759.5071,0.0016,759.507+,1800,,,79044.50,92207.32,4s2.4p4.(3P<2>).4d,2[3],7/2,4s2.4p4.(3P<2>).6f,2[4]*,9/2,,,L351,
Br,1,761.6411,0.0016,761.641+,2000,,,75009.13,88135.07,4s2.4p4.(3P<2>).5p,2[2]*,3/2,4s2.4p4.(3P<2>).7s,2[2],5/2,,,L351,
Br,3,767.31,0.10,,100,,,,,,,,,,,,,L7483,
Br,1,780.3017,0.0017,780.302+,30000,,,66883.87,79695.89,4s2.4p4.(3P<1>).5s,2[1],1/2,4s2.4p4.(3P<0>).5p,2[1]*,3/2,,,L351,
Br,1,782.7229,0.0017,782.721+,1200,,,78511.60,91284.03,4s2.4p4.(3P<1>).5p,2[2]*,5/2,4s2.4p4.(3P<1>).7s,2[1],3/2,,,L351,
Br,1,788.1513,0.0021,788.150+,5000hfs,,,67183.58,79868.03,4s2.4p4.(3P<1>).5s,2[1],3/2,4s2.4p4.(3P<0>).5p,2[1]*,1/2,,,L351,
Br,1,792.5808,0.0017,792.579+,2500,,,75521.50,88135.07,4s2.4p4.(3P<2>).5p,2[3]*,7/2,4s2.4p4.(3P<2>).7s,2[2],5/2,,,L351,
Br,1,793.8679,0.0021,793.868+,30000c,2.2e+07,C+,75890.33,88483.42,4s2.4p4.(1D<2>).5s,2[2],5/2,4s2.4p4.(1D<2>).5p,2[2]*,5/2,,"T6936n,T9382",L351,
Br,1,794.7938,0.0017,794.793+,3000,,,75697.05,88275.49,4s2.4p4.(3P<2>).5p,2[3]*,5/2,4s2.4p4.(3P<2>).7s,2[2],3/2,,,L351,
Br,1,795.0182,0.0017,795.017+,3000,,,75908.53,88483.42,4s2.4p4.(1D<2>).5s,2[2],3/2,4s2.4p4.(1D<2>).5p,2[2]*,5/2,,,L351,
Br,1,797.8511,0.0021,797.849+,18000hfs,1.9e+07,C+,75908.53,88438.78,4s2.4p4.(1D<2>).5s,2[2],3/2,4s2.4p4.(1D<2>).5p,2[2]*,3/2,,"T6936n,T9382",L351,
Br,1,798.9938,0.0017,798.993+,30000,3.1e+06,C,67183.58,79695.89,4s2.4p4.(3P<1>).5s,2[1],3/2,4s2.4p4.(3P<0>).5p,2[1]*,3/2,,"T6936n,T9382",L351,
Br,1,802.6458,0.0022,802.641+,4500hfs,,,75908.53,88363.97,4s2.4p4.(1D<2>).5s,2[2],3/2,4s2.4p4.(3P<2>).4f,2[2]*,3/2,,,L351,
Br,1,813.1522,0.0018,813.151+,30000,5.0e+06,C,66883.87,79178.33,4s2.4p4.(3P<1>).5s,2[1],1/2,4s2.4p4.(3P<1>).5p,2[1]*,3/2,,"T6936n,T9382",L351,
Br,1,815.2649,0.0022,815.264+,1000c,,,75009.13,87271.73,4s2.4p4.(3P<2>).5p,2[2]*,3/2,4s2.4p4.(3P<2>).5d,2[1],1/2,,,L351,
Br,1,815.3753,0.0018,815.373+,10000,,,74672.32,86933.28,4s2.4p4.(3P<2>).5p,2[2]*,5/2,4s2.4p4.(3P<2>).5d,2[3],5/2,,,L351,
Br,1,815.3999,0.0018,815.397+,25000,,,63436.45,75697.05,4s2.4p4.(3P<2>).5s,2[2],5/2,4s2.4p4.(3P<2>).5p,2[3]*,5/2,,,L351,
Br,1,824.6857,0.0018,824.684+,5000,,,75009.13,87131.65,4s2.4p4.(3P<2>).5p,2[2]*,3/2,4s2.4p4.(3P<2>).5d,2[1],3/2,,,L351,
Br,1,826.4958,0.0018,826.495+,15000,,,74672.32,86768.28,4s2.4p4.(3P<2>).5p,2[2]*,5/2,4s2.4p4.(3P<2>).5d,2[3],7/2,,,L351,
Br,1,827.2440,0.0022,827.241+,75000c,3.5e+07,C+,63436.45,75521.50,4s2.4p4.(3P<2>).5s,2[2],5/2,4s2.4p4.(3P<2>).5p,2[3]*,7/2,,"T6936n,T9382",L351,
Br,1,833.4697,0.0019,833.469+,20000,1.49e+07,C+,67183.58,79178.33,4s2.4p4.(3P<1>).5s,2[1],3/2,4s2.4p4.(3P<1>).5p,2[1]*,3/2,,"T6936n,T9382",L351,
Br,1,834.3698,0.0019,834.366+,10000,3.2e+07,C+,66883.87,78865.72,4s2.4p4.(3P<1>).5s,2[1],1/2,4s2.4p4.(3P<1>).5p,2[1]*,1/2,,"T6936n,T9382",L351,
Br,1,838.4038,0.0019,838.404+,1200,,,75009.13,86933.28,4s2.4p4.(3P<2>).5p,2[2]*,3/2,4s2.4p4.(3P<2>).5d,2[3],5/2,,,L351,
Br,1,844.6551,0.0019,844.656+,40000,2.8e+07,D,64907.19,76743.08,4s2.4p4.(3P<2>).5s,2[2],3/2,4s2.4p4.(3P<2>).5p,2[1]*,3/2,,"T6936n,T9382",L351,
Br,1,847.7450,0.0019,847.744+,4000,2.3e+07,C+,66883.87,78676.65,4s2.4p4.(3P<1>).5s,2[1],1/2,4s2.4p4.(3P<1>).5p,2[2]*,3/2,,"T6936n,T9382",L351,
Br,1,851.3380,0.0019,851.339+,1500,,,75697.05,87440.02,4s2.4p4.(3P<2>).5p,2[3]*,5/2,4s2.4p4.(3P<2>).5d,2[4],7/2,,,L351,
Br,1,855.7732,0.0020,855.772+,1000,,,67183.58,78865.72,4s2.4p4.(3P<1>).5s,2[1],3/2,4s2.4p4.(3P<1>).5p,2[1]*,1/2,,,L351,
Br,1,856.6282,0.0020,856.628+,1000,1.7e+06,D,75521.50,87191.97,4s2.4p4.(3P<2>).5p,2[3]*,7/2,4s2.4p4.(3P<2>).5d,2[4],9/2,,"T6936n,T9382",L351,
Br,1,863.8660,0.0020,863.867+,20000,2.2e+07,C+,63436.45,75009.13,4s2.4p4.(3P<2>).5s,2[2],5/2,4s2.4p4.(3P<2>).5p,2[2]*,3/2,,"T6936n,T9382",L351,
Br,1,869.8529,0.0020,869.851+,4000,2.4e+07,C+,67183.58,78676.65,4s2.4p4.(3P<1>).5s,2[1],3/2,4s2.4p4.(3P<1>).5p,2[2]*,3/2,,"T6936n,T9382",L351,
Br,1,879.3472,0.0024,879.346+,10000c,,,75890.33,87259.29,4s2.4p4.(1D<2>).5s,2[2],5/2,4s2.4p4.(1D<2>).5p,2[1]*,3/2,,,L351,
Br,1,880.7580,0.0024,880.756+,1400hfs,,,75908.53,87259.29,4s2.4p4.(1D<2>).5s,2[2],3/2,4s2.4p4.(1D<2>).5p,2[1]*,3/2,,,L351,
Br,1,881.9958,0.0021,881.994+,15000,3.0e+07,C+,75890.33,87225.16,4s2.4p4.(1D<2>).5s,2[2],5/2,4s2.4p4.(1D<2>).5p,2[3]*,7/2,,"T6936n,T9382",L351,
Br,1,882.5221,0.0021,882.524+,25000,3.0e+07,C+,67183.58,78511.60,4s2.4p4.(3P<1>).5s,2[1],3/2,4s2.4p4.(3P<1>).5p,2[2]*,5/2,,"T6936n,T9382",L351,
Br,1,888.8977,0.0021,888.899+,4000,,,75521.50,86768.28,4s2.4p4.(3P<2>).5p,2[3]*,7/2,4s2.4p4.(3P<2>).5d,2[3],7/2,,,L351,
Br,1,889.7617,0.0021,889.762+,30000,3.0e+07,C+,63436.45,74672.32,4s2.4p4.(3P<2>).5s,2[2],5/2,4s2.4p4.(3P<2>).5p,2[2]*,5/2,,"T6936n,T9382",L351,
Br,1,893.2397,0.0021,893.240+,6000,3.1e+06,D,66883.87,78076.00,4s2.4p4.(3P<1>).5s,2[1],1/2,4s2.4p4.(3P<1>).5p,2[0]*,1/2,,"T6936n,T9382",L351,
Br,1,894.9389,0.0021,894.937+,1800,3.3e+06,C,75890.33,87061.23,4s2.4p4.(1D<2>).5s,2[2],5/2,4s2.4p4.(1D<2>).5p,2[3]*,5/2,,"T6936n,T9382",L351,
Br,1,896.4002,0.0021,896.398+,9000,3.1e+07,C+,75908.53,87061.23,4s2.4p4.(1D<2>).5s,2[2],3/2,4s2.4p4.(1D<2>).5p,2[3]*,5/2,,"T6936n,T9382",L351,
Br,2,902.442,0.010,,350,,,,,,,,,,,,,L7392,
Br,1,916.6060,0.0022,916.607+,30000,3.1e+07,C+,64907.19,75814.00,4s2.4p4.(3P<2>).5s,2[2],3/2,4s2.4p4.(3P<2>).5p,2[1]*,1/2,,"T6936n,T9382",L351,
Br,1,917.3629,0.0022,917.363+,15000,2.9e+07,C+,68970.21,79868.03,4s2.4p4.(3P<0>).5s,2[0],1/2,4s2.4p4.(3P<0>).5p,2[1]*,1/2,,"T6936n,T9382",L351,
Br,1,917.8161,0.0022,917.818+,20000,2.8e+07,C+,67183.58,78076.00,4s2.4p4.(3P<1>).5s,2[1],3/2,4s2.4p4.(3P<1>).5p,2[0]*,1/2,,"T6936n,T9382",L351,
Br,1,926.5418,0.0023,926.542+,40000,2.4e+07,C+,64907.19,75697.05,4s2.4p4.(3P<2>).5s,2[2],3/2,4s2.4p4.(3P<2>).5p,2[3]*,5/2,,"T6936n,T9382",L351,
Br,1,932.0861,0.0023,932.086+,15000,2.1e+07,C+,68970.21,79695.89,4s2.4p4.(3P<0>).5s,2[0],1/2,4s2.4p4.(3P<0>).5p,2[1]*,3/2,,"T6936n,T9382",L351,
Br,2,943.404,0.010,,300,,,,,,,,,,,,,L7392,
Br,1,979.348,0.003,979.344+,6000,6.0e+06,C+,68970.21,79178.33,4s2.4p4.(3P<0>).5s,2[0],1/2,4s2.4p4.(3P<1>).5p,2[1]*,3/2,,"T6936n,T9382",L351,
Br,1,989.640,0.003,989.638+,10000,,,64907.19,75009.13,4s2.4p4.(3P<2>).5s,2[2],3/2,4s2.4p4.(3P<2>).5p,2[2]*,3/2,,,L351,
Br,1,1014.008,0.003,1014.002+,3000,,,66883.87,76743.08,4s2.4p4.(3P<1>).5s,2[1],1/2,4s2.4p4.(3P<2>).5p,2[1]*,3/2,,,L351,
Br,1,1023.774,0.003,1023.771+,6000,,,64907.19,74672.32,4s2.4p4.(3P<2>).5s,2[2],3/2,4s2.4p4.(3P<2>).5p,2[2]*,5/2,,,L351,
Br,1,1029.962,0.003,1029.962+,1000,,,68970.21,78676.65,4s2.4p4.(3P<0>).5s,2[0],1/2,4s2.4p4.(3P<1>).5p,2[2]*,3/2,,,L351,
Br,1,1037.765,0.003,1037.766+,1500,,,74672.32,84305.76,4s2.4p4.(3P<2>).5p,2[2]*,5/2,4s2.4p4.(3P<1>).4d,2[2],5/2,,,L351,
Br,1,1045.796,0.003,1045.793+,30000,,,67183.58,76743.08,4s2.4p4.(3P<1>).5s,2[1],3/2,4s2.4p4.(3P<2>).5p,2[1]*,3/2,,,L351,
Br,1,1074.214,0.003,1074.212+,1000,,,79044.50,88351.10,4s2.4p4.(3P<2>).4d,2[3],7/2,4s2.4p4.(3P<2>).4f,2[3]*,7/2,,,L351,
Br,1,1075.592,0.003,1075.592+,3000,,,79044.50,88339.16,4s2.4p4.(3P<2>).4d,2[3],7/2,4s2.4p4.(3P<2>).4f,2[4]*,9/2,,,L351,
Br,1,1321.717,,1321.717+,1700:,,,74672.32,82236.17,4s2.4p4.(3P<2>).5p,2[2]*,5/2,4s2.4p4.(3P<2>).6s,2[2],5/2,,,L351,
Br,1,1435.457,,1435.46+,1800:,,,75697.05,82661.57,4s2.4p4.(3P<2>).5p,2[3]*,5/2,4s2.4p4.(3P<2>).6s,2[2],3/2,,,L351,
Br,1,1488.870,,1488.87+,1250:,,,75521.50,82236.17,4s2.4p4.(3P<2>).5p,2[3]*,7/2,4s2.4p4.(3P<2>).6s,2[2],5/2,,,L351,
Br,1,1673.119,,1673.12+,1800:,,,75697.05,81672.28,4s2.4p4.(3P<2>).5p,2[3]*,5/2,4s2.4p4.(3P<2>).4d,2[2],5/2,,,L351,
Br,1,1856.831,,1856.83+,1200:,,,75697.05,81081.10,4s2.4p4.(3P<2>).5p,2[3]*,5/2,4s2.4p4.(3P<2>).4d,2[4],7/2,,,L1505,
Br,1,1973.362,,1973.36+,3500:,,,75521.50,80587.61,4s2.4p4.(3P<2>).5p,2[3]*,7/2,4s2.4p4.(3P<2>).4d,2[4],9/2,,,L1505,
element,sp_num,obs_wl_vac(nm),unc_obs_wl,ritz_wl_vac(nm),intens,Aki(s^-1),Acc,Ei(cm-1),Ek(cm-1),conf_i,term_i,J_i,conf_k,term_k,J_k,Type,tp_ref,line_ref,
Br,1,2028.727,,2028.73+,1000:,,,76743.08,81672.28,4s2.4p4.(3P<2>).5p,2[1]*,3/2,4s2.4p4.(3P<2>).4d,2[2],5/2,,,L1505,
Br,1,2063.030,,2063.03+,1000:,,,78511.60,83358.84,4s2.4p4.(3P<1>).5p,2[2]*,5/2,4s2.4p4.(3P<1>).4d,2[3],7/2,,,L1505,
Br,1,2179.319,,2179.32+,1200:,,,74672.32,79260.91,4s2.4p4.(3P<2>).5p,2[2]*,5/2,4s2.4p4.(3P<2>).4d,2[3],5/2,,,L1505,
Br,1,2287.189,,2287.19+,4000:,,,74672.32,79044.50,4s2.4p4.(3P<2>).5p,2[2]*,5/2,4s2.4p4.(3P<2>).4d,2[3],7/2,,,L1505,
Br,1,2351.957,,2351.96+,1000:,,,75009.13,79260.91,4s2.4p4.(3P<2>).5p,2[2]*,3/2,4s2.4p4.(3P<2>).4d,2[3],5/2,,,L1505,
Br,1,2835.423,,2835.42+,500:,,,82236.17,85762.98,4s2.4p4.(3P<2>).6s,2[2],5/2,4s2.4p4.(3P<2>).6p,2[3]*,7/2,,,L1505,
Br,1,3038.914,,3038.91+,500:,,,82236.17,85526.82,4s2.4p4.(3P<2>).6s,2[2],5/2,4s2.4p4.(3P<2>).6p,2[2]*,5/2,,,L1505,
Br,1,3163.876,,3163.88+,600:,,,78511.60,81672.28,4s2.4p4.(3P<1>).5p,2[2]*,5/2,4s2.4p4.(3P<2>).4d,2[2],5/2,,,L1505,
Br,1,3270.282,,3270.28+,120:,,,79178.33,82236.17,4s2.4p4.(3P<1>).5p,2[1]*,3/2,4s2.4p4.(3P<2>).6s,2[2],5/2,,,L1505,
Br,1,3419.119,,3419.12+,150:,,,82661.57,85586.30,4s2.4p4.(3P<2>).6s,2[2],3/2,4s2.4p4.(3P<2>).6p,2[2]*,3/2,,,L1505,
Br,1,3835.621,,3835.62+,150:,,,86933.28,89540.42,4s2.4p4.(3P<2>).5d,2[3],5/2,4s2.4p4.(3P<2>).7p,2[2]*,3/2,,,L1505,
Br,1,3932.832,0.023,3932.83+,70,,,88339.16,90881.86,4s2.4p4.(3P<2>).4f,2[4]*,9/2,4s2.4p4.(3P<2>).5g,2[5],11/2,,,L821,
Br,1,3997.526,0.024,3997.52+,120*,,,88392.18,90893.73,4s2.4p4.(3P<2>).4f,2[5]*,11/2,4s2.4p4.(3P<2>).5g,2[6],13/2,,,L821,
Br,1,3997.526,0.024,3997.52+,120*,,,88392.18,90893.73,4s2.4p4.(3P<2>).4f,2[5]*,11/2,4s2.4p4.(3P<2>).5g,2[6],11/2,,,L821,
Br,1,3997.526,0.024,3997.52+,120*,,,88392.18,90893.73,4s2.4p4.(3P<2>).4f,2[5]*,9/2,4s2.4p4.(3P<2>).5g,2[6],11/2,,,L821,

