element,sp_num,obs_wl_vac(nm),ritz_wl_vac(nm),intens,Aki(s^-1),Acc,Ei(cm-1),Ek(cm-1),conf_i,term_i,J_i,conf_k,term_k,J_k,Type,tp_ref,line_ref,
La,4,34.412,,100,,,,,,,,,,,,,L4562,
La,5,38.903,,2,,,,,,,,,,,,,L3749,
La,5,39.072,,400,,,,,,,,,,,,,L3749,
La,5,39.853,,1,,,,,,,,,,,,,L3749,
La,5,39.934,,30,,,,,,,,,,,,,L3749,
La,5,40.510,,350,,,,,,,,,,,,,L3749,
La,5,41.613,,50,,,,,,,,,,,,,L3749,
La,5,42.155,,3,,,,,,,,,,,,,L3749,
La,5,42.307,,50,,,,,,,,,,,,,L3749,
La,5,42.478,,400,,,,,,,,,,,,,L3749,
La,5,43.211,,1000,,,,,,,,,,,,,L3749,
La,5,43.528,,2500,,,,,,,,,,,,,L3749,
La,5,43.614,,700,,,,,,,,,,,,,L3749,
La,5,43.684,,700,,,,,,,,,,,,,L3749,
La,5,43.711,,300,,,,,,,,,,,,,L3749,
La,5,43.755,,700,,,,,,,,,,,,,L3749,
La,5,44.401,,20,,,,,,,,,,,,,L3749,
La,5,44.407,,10,,,,,,,,,,,,,L3749,
La,5,45.040,,1250,,,,,,,,,,,,,L3749,
La,4,45.350,,7000,,,,,,,,,,,,,L4562,
La,5,45.730,,600,,,,,,,,,,,,,L3749,
La,4,46.314,,10000,,,,,,,,,,,,,L4562,
La,5,46.385,,1000,,,,,,,,,,,,,L3749,
La,5,47.667,,150,,,,,,,,,,,,,L3749,
La,5,48.216,,5000,,,,,,,,,,,,,L3749,
La,5,48.243,,200,,,,,,,,,,,,,L3749,
La,5,48.330,,2000,,,,,,,,,,,,,L3749,
La,5,49.808,,7000,,,,,,,,,,,,,L3749,
La,5,49.903,,4000,,,,,,,,,,,,,L3749,
La,4,49.954,,15000,,,,,,,,,,,,,L4562,
La,5,50.358,,10000,,,,,,,,,,,,,L3749,
La,5,50.815,,40,,,,,,,,,,,,,L3749,
La,5,52.571,,1500,,,,,,,,,,,,,L3749,
La,5,52.676,,12000,,,,,,,,,,,,,L3749,
La,5,53.107,,10000,,,,,,,,,,,,,L3749,
La,5,53.323,,15000,,,,,,,,,,,,,L3749,
La,5,54.020,,4000,,,,,,,,,,,,,L3749,
La,5,54.480,,6000,,,,,,,,,,,,,L3749,
La,5,54.744,,8000,,,,,,,,,,,,,L3749,
La,4,55.202,,40000,,,,,,,,,,,,,L4562,
La,5,57.090,,3000,,,,,,,,,,,,,L3749,
La,5,59.318,,2500,,,,,,,,,,,,,L3749,
La,5,59.770,,750,,,,,,,,,,,,,L3749,
La,5,60.001,,2000,,,,,,,,,,,,,L3749,
La,5,60.024,,5000,,,,,,,,,,,,,L3749,
La,5,61.170,,700,,,,,,,,,,,,,L3749,
La,5,61.760,,500,,,,,,,,,,,,,L3749,
La,4,63.126,,30000,,,,,,,,,,,,,L4562,
La,4,72.492,,25,,,,,,,,,,,,,L4562,
La,4,73.329,,15,,,,,,,,,,,,,L4562,
La,3,74.419,,3,,,,,,,,,,,,,L3517,
La,3,75.303,,10,,,,,,,,,,,,,L3517,
La,3,78.664,,1,,,,,,,,,,,,,L3517,
La,3,78.714,,200,,,,,,,,,,,,,L3517,
La,3,79.603,,1,,,,,,,,,,,,,L3517,
La,3,79.699,,400,,,,,,,,,,,,,L3517,
La,4,79.703,,10,,,,,,,,,,,,,L4562,
La,3,79.720,,1,,,,,,,,,,,,,L3517,
La,3,83.503,,10,,,,,,,,,,,,,L3517,
La,3,84.562,,30,,,,,,,,,,,,,L3517,
La,3,85.073,,1,,,,,,,,,,,,,L3517,
La,3,86.039,,1,,,,,,,,,,,,,L3517,
La,3,86.088,,2,,,,,,,,,,,,,L3517,
La,3,86.504,,5,,,,,,,,,,,,,L3517,
La,3,87.040,,2000,,,,,,,,,,,,,L3517,
La,3,87.243,,30,,,,,,,,,,,,,L3517,
La,3,88.234,,1000,,,,,,,,,,,,,L3517,
La,3,88.272,,20,,,,,,,,,,,,,L3517,
La,3,92.971,,200,,,,,,,,,,,,,L3517,
La,3,94.286,,400,,,,,,,,,,,,,L3517,
La,3,96.769,,30,,,,,,,,,,,,,L3517,
La,3,97.433,,10,,,,,,,,,,,,,L3517,
La,3,97.999,,50,,,,,,,,,,,,,L3517,
La,4,98.003,,10c,,,,,,,,,,,,,L4562,
La,3,98.029,,10,,,,,,,,,,,,,L3517,
La,4,103.930,,50,,,,,,,,,,,,,L4562,
La,3,105.863,,200,,,,,,,,,,,,,L3517,
La,4,106.209,,60p,,,,,,,,,,,,,L4562,
La,3,107.259,,1000,,,,,,,,,,,,,L3517,
La,3,107.691,,5000,,,,,,,,,,,,,L3517,
La,3,108.161,,50000,,,,,,,,,,,,,L3517,
La,3,109.973,,95000,,,,,,,,,,,,,L3517,
La,3,110.070,,5000,,,,,,,,,,,,,L3517,
La,4,115.835,,75,,,,,,,,,,,,,L4562,
La,4,116.429,,50,,,,,,,,,,,,,L4562,
La,3,120.880,,30,,,,,,,,,,,,,L3517,
La,3,121.229,,30,,,,,,,,,,,,,L3517,
La,4,123.090,,400,,,,,,,,,,,,,L4562,
La,3,123.654,,200,,,,,,,,,,,,,L3517,
La,3,125.399,,100,,,,,,,,,,,,,L3517,
La,3,125.563,,2000,,,,,,,,,,,,,L3517,
La,3,125.955,,100,,,,,,,,,,,,,L3517,
La,4,126.079,,75p,,,,,,,,,,,,,L4562,
La,4,126.112,,300,,,,,,,,,,,,,L4562,
La,4,128.319,,150,,,,,,,,,,,,,L4562,
La,4,130.231,,2000,,,,,,,,,,,,,L4562,
La,3,132.242,,100,,,,,,,,,,,,,L3517,
La,3,133.004,,5000,,,,,,,,,,,,,L3517,
La,4,133.353,,1200,,,,,,,,,,,,,L4562,
La,4,133.496,,3500,,,,,,,,,,,,,L4562,
La,3,134.918,,10000,,,,,,,,,,,,,L3517,
La,4,135.276,,1000,,,,,,,,,,,,,L4562,
La,4,136.804,,25000,,,,,,,,,,,,,L4562,
La,4,137.749,,8000,,,,,,,,,,,,,L4562,
La,4,139.432,,3000,,,,,,,,,,,,,L4562,
La,4,141.458,,5000,,,,,,,,,,,,,L4562,
La,4,143.255,,7000,,,,,,,,,,,,,L4562,
La,4,144.163,,7000,,,,,,,,,,,,,L4562,
La,3,145.949,,5000,,,,,,,,,,,,,L3517,
La,4,146.215,,7500,,,,,,,,,,,,,L4562,
La,4,146.347,,20000,,,,,,,,,,,,,L4562,
La,3,146.644,,2000,,,,,,,,,,,,,L3517,
La,4,146.754,,7500,,,,,,,,,,,,,L4562,
La,4,150.787,,15000,,,,,,,,,,,,,L4562,
La,3,152.379,,10000,,,,,,,,,,,,,L3517,
La,4,152.719,,5000,,,,,,,,,,,,,L4562,
La,3,152.855,,500,,,,,,,,,,,,,L3517,
La,3,153.617,,5000,,,,,,,,,,,,,L3517,
La,4,157.592,,2500,,,,,,,,,,,,,L4562,
La,4,158.361,,1500,,,,,,,,,,,,,L4562,
La,4,158.511,,750,,,,,,,,,,,,,L4562,
La,4,163.742,,750,,,,,,,,,,,,,L4562,
La,4,164.521,,750bl,,,,,,,,,,,,,L4562,
La,4,166.484,,1000,,,,,,,,,,,,,L4562,
La,4,168.417,,750,,,,,,,,,,,,,L4562,
La,4,176.765,,2000p,,,,,,,,,,,,,L4562,
La,4,180.866,,4000,,,,,,,,,,,,,L4562,
La,4,185.181,,1000,,,,,,,,,,,,,L4562,
La,4,185.277,,1500,,,,,,,,,,,,,L4562,
La,4,187.979,,750,,,,,,,,,,,,,L4562,
La,4,188.157,,1000,,,,,,,,,,,,,L4562,
La,4,188.922,,800,,,,,,,,,,,,,L4562,
La,4,189.147,,1000,,,,,,,,,,,,,L4562,
La,4,190.297,,5000,,,,,,,,,,,,,L4562,
La,4,190.744,,800,,,,,,,,,,,,,L4562,
La,3,192.334,,200,,,,,,,,,,,,,L3517,
La,3,193.857,,500,,,,,,,,,,,,,L3517,
La,4,195.080,,1500c,,,,,,,,,,,,,L4562,
La,4,195.757,,1200c,,,,,,,,,,,,,L4562,
La,4,201.242,,3000,,,,,,,,,,,,,L4562,
La,4,203.743,,750,,,,,,,,,,,,,L4562,
La,4,206.650,,2000c,,,,,,,,,,,,,L4562,
La,4,207.318,,3000c,,,,,,,,,,,,,L4562,
La,4,214.323,,1500,,,,,,,,,,,,,L4562,
La,2,218.787,218.7874+,240,,,0.00,45692.17,5d2,a 3F,2,6s.6p,x 1P*,1,,,L3475,
La,4,219.745,,4000c,,,,,,,,,,,,,L4562,
La,3,221.607,,60,,,,,,,,,,,,,L245,
La,4,222.112,,1000w,,,,,,,,,,,,,L4562,
La,4,222.734,,900,,,,,,,,,,,,,L4562,
La,3,223.836,,20,,,,,,,,,,,,,L245,
La,4,224.495,,3000,,,,,,,,,,,,,L4562,
La,2,225.676,225.6754+,770,,,1394.46,45692.17,5d2,,2,6s.6p,x 1P*,1,,,L3475,
La,3,225.861,,25,,,,,,,,,,,,,L245,
La,3,226.030,,5,,,,,,,,,,,,,L245,
La,4,226.591,,7500w,,,,,,,,,,,,,L4562,
La,3,229.774,,250,,,,,,,,,,,,,L245,
La,4,231.589,,2000,,,,,,,,,,,,,L4562,
La,2,231.782,231.7813+,90,,,18895.41,62026.27,4f.5d,z 1D*,2,4f2,i 1D,2,,,L3475,
La,2,231.944,231.9442+,200,,,2591.60,45692.17,5d.6s,a 3D,2,6s.6p,x 1P*,1,,,L3475,
La,2,232.875,232.8744+,75,,,16599.17,59527.60,4f.5d,z 1G*,4,4f2,g 1G,4,,,L3475,
La,4,234.836,,750,,,,,,,,,,,,,L4562,
La,4,235.531,,750,,,,,,,,,,,,,L4562,
La,3,237.937,,400,,,,,,,,,,,,,L245,
La,3,238.799,,10,,,,,,,,,,,,,L245,
La,3,239.249,,20,,,,,,,,,,,,,L245,
La,4,240.710,,2000c,,,,,,,,,,,,,L4562,
La,4,241.758,,25000w,,,,,,,,,,,,,L4562,
La,2,243.801,243.8007+,20,,,18895.41,59900.08,4f.5d,z 1D*,2,6p2,h 1D,2,,,L3475,
La,4,244.392,,1200p,,,,,,,,,,,,,L4562,
La,2,247.190,247.1901+,65,,,5249.70,45692.17,5d2,a 3P,0,6s.6p,x 1P*,1,,,L3475,
La,2,247.244,247.2432+,35,,,17825.62,58259.41,4f.5d,z 3H*,4,4f2,g 3F,4,,,L3475,
La,3,247.660,,100,,,,,,,,,,,,,L245,
La,3,247.865,,50,,,,,,,,,,,,,L245,
La,2,247.985,247.9837+,35,,,19214.54,59527.60,4f.5d,y 3F*,4,4f2,g 1G,4,,,L3475,
La,2,248.759,248.7576+,65,,,17211.93,57399.58,4f.5d,y 3F*,2,4f2,g 3F,2,,,L3475,
La,4,250.281,,18000c,,,,,,,,,,,,,L4562,
La,3,251.343,,2,,,,,,,,,,,,,L245,
La,4,251.502,,15000,,,,,,,,,,,,,L4562,
La,4,253.275,,50000,,,,,,,,,,,,,L4562,
La,2,253.314,253.3146+,45,,,6227.42,45692.17,5d2,a 3P,2,6s.6p,x 1P*,1,,,L3475,
La,4,253.576,,900bl,,,,,,,,,,,,,L4562,
La,2,256.037,256.0388+,45,,,19214.54,58259.41,4f.5d,y 3F*,4,4f2,g 3F,4,,,L3475,
La,2,258.082,258.0811+,18,,,15698.74,54434.65,4f.(2F*<7/2>).6s<1/2>,"(7/2,1/2)*",4,5d.6d,f 3G,5,,,L3475,
La,4,258.205,,45000,,,,,,,,,,,,,L4562,
La,2,258.256,258.2546+,22,,,14147.98,52857.88,4f.(2F*<5/2>).6s<1/2>,"(5/2,1/2)*",2,5d.6d,f 3G,3,,,L3475,
La,3,258.887,,4,,,,,,,,,,,,,L245,
La,4,259.130,,18000c,,,,,,,,,,,,,L4562,
La,2,259.609,259.6081+,35,,,16599.17,55107.25,4f.5d,z 1G*,4,4f2,e 3H,4,,,L3475,
La,4,259.750,,95000w,,,,,,,,,,,,,L4562,
La,3,260.483,,2,,,,,,,,,,,,,L245,
La,4,260.801,,5000c,,,,,,,,,,,,,L4562,
La,2,261.034,261.0350+,400,,,7394.57,45692.17,6s2,a 1S,0,6s.6p,x 1P*,1,,,L3475,
La,3,265.150,,400,,,,,,,,,,,,,L245,
La,4,266.275,,70000w,,,,,,,,,,,,,L4562,
La,2,267.291,267.2882+,55,,,18580.41,55982.09,4f.5d,z 3H*,5,4f2,e 3H,5,,,L3475,
La,3,268.234,,100,,,,,,,,,,,,,L245,
La,3,268.476,,150,,,,,,,,,,,,,L245,
La,2,269.547,269.5467+,60,,,19749.62,56837.94,4f.5d,z 3H*,6,4f2,e 3H,6,,,L3475,
La,1,272.558,272.5591+,55,,,1053.164,37731.59,5d.6s2,2D,5/2,,*,5/2,,,L3475,
La,2,279.151,279.1499+,55,,,22106.02,57918.50,4f.5d,z 3D*,2,4f2,g 3F,3,,,L3475,
La,2,279.856,279.8562+,55,,,22537.30,58259.41,4f.5d,z 3D*,3,4f2,g 3F,4,,,L3475,
La,2,280.839,280.8374+,420,,,10094.86,45692.17,5d.6s,,2,6s.6p,x 1P*,1,,,L3475,
La,2,283.845,283.8452+,11,,,19214.54,54434.65,4f.5d,y 3F*,4,5d.6d,f 3G,5,,,L3475,
La,2,284.051,284.0515+,16,,,29498.05,64692.59,6s.6p,*,2,6s.6d,h 3D,3,,,L3475,
La,4,284.830,,50000w,,,,,,,,,,,,,L4562,
La,2,285.590,285.5904+,45,,,24522.70,59527.60,4f.5d,y 1F*,3,4f2,g 1G,4,,,L3475,
La,2,286.298,286.2968+,26,,,20402.82,55321.35,4f.5d,z 3G*,3,5d.6d,f 3F,4,,,L3475,
La,4,286.330,,12000c,,,,,,,,,,,,,L4562,
La,2,288.065,288.0631+,90,,,20402.82,55107.25,4f.5d,z 3G*,3,4f2,e 3H,4,,,L3475,
La,2,288.514,288.5116+,130,,,21331.60,55982.09,4f.5d,z 3G*,4,4f2,e 3H,5,,,L3475,
La,2,289.307,289.3086+,160,,,22282.90,56837.94,4f.5d,z 3G*,5,4f2,e 3H,6,,,L3475,
La,3,289.788,,110,,,,,,,,,,,,,L245,
La,3,290.458,,160,,,,,,,,,,,,,L245,
La,2,295.050,295.0497+,110,,,28525.71,62408.40,4f.5d,z 1H*,5,4f2,e 1I,6,,,L3475,
La,3,295.084,,7,,,,,,,,,,,,,L245,
La,3,295.377,,10,,,,,,,,,,,,,L245,
La,4,296.258,,30000c,,,,,,,,,,,,,L4562,
La,3,299.210,,40,,,,,,,,,,,,,L245,
La,3,300.619,,4,,,,,,,,,,,,,L245,
La,3,300.922,,15,,,,,,,,,,,,,L245,
La,4,300.951,,70000w,,,,,,,,,,,,,L4562,
La,4,305.668,,90000c,,,,,,,,,,,,,L4562,
La,3,307.517,,100,,,,,,,,,,,,,L245,
La,3,308.538,,4,,,,,,,,,,,,,L245,
La,3,309.303,,25,,,,,,,,,,,,,L245,
La,3,309.626,,15,,,,,,,,,,,,,L245,
La,2,310.459,310.4588+,180,,,0.00,32201.05,5d2,a 3F,2,5d.6p,x 1F*,3,,,L3475,
La,2,310.846,310.8455+,60,,,0.00,32160.99,5d2,a 3F,2,5d.6p,x 3P*,1,,,L3475,
La,3,311.197,,200,,,,,,,,,,,,,L245,
La,3,311.674,,50,,,,,,,,,,,,,L245,
La,2,314.276,314.2760+,130,,,1394.46,33204.41,5d2,,2,6s.6p,*,2,,,L3475,
La,3,317.163,,1000,,,,,,,,,,,,,L245,
La,3,317.174,,1500,,,,,,,,,,,,,L245,
La,3,317.269,,50,,,,,,,,,,,,,L245,
La,2,319.302,319.3020+,75,,,1895.15,33204.41,5d.6s,a 3D,1,6s.6p,*,2,,,L3475,
La,3,319.684,,20,,,,,,,,,,,,,L245,
La,1,321.581,321.5810+,35,2.6e+07,C+,1053.164,32140.55,5d.6s2,2D,5/2,,*,7/2,,T9460,L3475,
La,2,324.513,324.5122+,510,,,1394.46,32201.05,5d2,,2,5d.6p,x 1F*,3,,,L3475,
La,2,324.935,324.9348+,260,,,1394.46,32160.99,5d2,,2,5d.6p,x 3P*,1,,,L3475,
La,2,326.567,326.5665+,550,,,2591.60,33204.41,5d.6s,a 3D,2,6s.6p,*,2,,,L3475,
La,3,328.911,,70,,,,,,,,,,,,,L245,
La,3,330.148,,15,,,,,,,,,,,,,L245,
La,2,330.311,330.3104+,800,,,1895.15,32160.99,5d.6s,a 3D,1,5d.6p,x 3P*,1,,,L3475,
La,3,332.766,,35,,,,,,,,,,,,,L245,
La,2,333.749,333.7486+,1500,,,3250.35,33204.41,5d.6s,a 3D,3,6s.6p,*,2,,,L3475,
La,1,334.223,334.2230+,95,5.4e+07,B,1053.164,30964.71,5d.6s2,2D,5/2,,*,7/2,,T9460,L3475,
La,2,334.456,334.4564+,870,,,1895.15,31785.82,5d.6s,a 3D,1,5d.6p,x 3P*,0,,,L3475,
La,2,337.633,337.6330+,200,,,2591.60,32201.05,5d.6s,a 3D,2,5d.6p,x 1F*,3,,,L3475,
La,2,338.091,338.0905+,1500,,,2591.60,32160.99,5d.6s,a 3D,2,5d.6p,x 3P*,1,,,L3475,
La,2,345.218,345.2184+,130,,,1394.46,30353.33,5d2,,2,4f.5d,y 1P*,1,,,L3475,
La,2,345.317,345.3159+,180,,,3250.35,32201.05,5d.6s,a 3D,3,5d.6p,x 1F*,3,,,L3475,
La,1,346.118,346.1184+,65,1.96e+07,C+,1053.164,29936.74&dagger;,5d.6s2,2D,5/2,4f.5d.(3P*).6s,*,3/2,,T9460,L3475,
La,2,351.000,350.9992+,75,,,1016.10,29498.05,5d2,a 3F,3,6s.6p,*,2,,,L3475,
La,2,351.293,351.2923+,75,,,1895.15,30353.33,5d.6s,a 3D,1,4f.5d,y 1P*,1,,,L3475,
La,1,351.407,351.4055+,45,1.75e+07,C+,1053.164,29502.18&dagger;,5d.6s2,2D,5/2,4f.5d.(3D*).6s,*,5/2,,T9460,L3475,
La,3,351.709,,500,,,,,,,,,,,,,L245,
La,3,351.722,,600,,,,,,,,,,,,,L245,
La,4,352.228,,3500,,,,,,,,,,,,,L4562,
La,2,355.082,355.0809+,45,,,0.00,28154.55,5d2,a 3F,2,6s.6p,*,1,,,L3475,
La,2,355.726,355.7248+,65,,,1394.46,29498.05,5d2,,2,6s.6p,*,2,,,L3475,
La,1,357.443,357.4425+,200,9.5e+07,B+,0.000,27968.54,5d.6s2,2D,3/2,4f.5d.(3D*).6s,*,3/2,,T9460,L3475,
La,2,360.106,360.1054+,65,,,2591.60,30353.33,5d.6s,a 3D,2,4f.5d,y 1P*,1,,,L3475,
La,2,361.234,361.2338+,75,,,24462.66,52137.67,5d.6p,y 1D*,2,5d.6d,f 1F,3,,,L3475,
La,1,361.308,361.3074+,75,1.57e+07,B,0.000,27669.37,5d.6s2,2D,3/2,4f.5d.(3F*).6s,2F*,5/2,,T9460,L3475,
La,2,362.883,362.8822+,320,4.0e+06,C+,1016.10,28565.40,5d2,a 3F,3,5d.6p,x 3F*,4,,T7455,L3475,
La,1,363.667,363.6661+,35,7.2e+06,B,1053.164,28543.08,5d.6s2,2D,5/2,4f.5d.(3F*).6s,2F*,7/2,,T9460,L3475,
La,2,363.715,363.7141+,120,,,5718.12,33204.41,5d2,a 3P,1,6s.6p,*,2,,,L3475,
La,1,364.153,364.1519+,170u,9.1e+07,B+,1053.164,28506.41,5d.6s2,2D,5/2,5d.6s.(3D).6p,*,5/2,,T9460,L3475,
La,2,364.166,364.1693+,170u,,,27388.11,54840.04,5d.6p,y 3D*,2,5d.6d,f 3F,3,,,L3475,
La,2,364.542,364.5414+,1000,4.3e+07,B,0.00,27423.91,5d2,a 3F,2,5d.6p,*,1,,T7455,L3475,
La,1,364.953,364.9522+,90,1.88e+07,B,0.000,27393.04,5d.6s2,2D,3/2,5d2.(1D).6p,*,5/2,,T9460,L3475,
La,2,365.018,365.0179+,390,,,0.00,27388.11,5d2,a 3F,2,5d.6p,y 3D*,2,,,L3475,
La,4,365.040,,2000,,,,,,,,,,,,,L4562,
La,2,366.208,366.2075+,170,3.0e+06,C,1016.10,28315.25,5d2,a 3F,3,5d.6p,y 3D*,3,,T7455,L3475,
La,1,367.202,367.2014+,17,1.26e+07,C+,0.000,27225.26,5d.6s2,2D,3/2,5d2.(3P).6p,2P*,3/2,,T9460,L3475,
La,2,370.181,370.1814+,35,,,28315.25,55321.35,5d.6p,y 3D*,3,5d.6d,f 3F,4,,,L3475,
La,1,370.454,370.4532+,120,2.08e+07,B,1053.164,28039.45,5d.6s2,2D,5/2,5d.6s.(1D).6p,*,7/2,,T9460,L3475,
La,2,370.582,370.5808+,320,,,6227.42,33204.41,5d2,a 3P,2,6s.6p,*,2,,,L3475,
La,2,371.354,371.3545+,550,1.09e+07,C+,1394.46,28315.25,5d2,,2,5d.6p,y 3D*,3,,T7455,L3475,
La,2,371.487,371.4856+,140,,,5249.70,32160.99,5d2,a 3P,0,5d.6p,x 3P*,1,,,L3475,
La,2,371.553,371.5524+,270,,,2591.60,29498.05,5d.6s,a 3D,2,6s.6p,*,2,,,L3475,
La,2,372.505,372.5048+,90,,,0.00,26837.66,5d2,a 3F,2,5d.6p,x 3F*,3,,,L3475,
La,2,373.585,373.5846+,35,,,1394.46,28154.55,5d2,,2,6s.6p,*,1,,,L3475,
La,2,375.908,375.9079+,2400,4.9e+07,B,1970.70,28565.40,5d2,a 3F,4,5d.6p,x 3F*,4,,T7455,L3475,
La,2,377.312,377.3124+,75,,,26837.66,53333.37,5d.6p,x 3F*,3,5d.6d,f 3G,4,,,L3475,
La,2,378.067,378.0664+,120,,,5718.12,32160.99,5d2,a 3P,1,5d.6p,x 3P*,1,,,L3475,
La,2,378.481,378.4795+,65,,,0.00,26414.01,5d2,a 3F,2,5d.6p,x 3F*,2,,,L3475,
La,2,379.083,379.0823+,3700,9.9e+07,B+,1016.10,27388.11,5d2,a 3F,3,5d.6p,y 3D*,2,,T7455,L3475,
La,2,379.478,379.4774+,3900,1.07e+08,B,1970.70,28315.25,5d2,a 3F,4,5d.6p,y 3D*,3,,T7455,L3475,
La,2,380.879,380.8776+,65,,,3250.35,29498.05,5d.6s,a 3D,3,6s.6p,*,2,,,L3475,
La,2,383.508,383.5077+,190,,,5718.12,31785.82,5d2,a 3P,1,5d.6p,x 3P*,0,,,L3475,
La,2,384.072,384.0713+,600,2.18e+07,B,1394.46,27423.91,5d2,,2,5d.6p,*,1,,T7455,L3475,
La,2,384.600,384.6003+,120,,,1394.46,27388.11,5d2,,2,5d.6p,y 3D*,2,,,L3475,
La,2,384.902,384.9006+,1600,5.3e+07,B+,0.00,25973.37,5d2,a 3F,2,5d.6p,y 3D*,1,,T7455,L3475,
La,2,385.491,385.4913+,130,,,6227.42,32160.99,5d2,a 3P,2,5d.6p,x 3P*,1,,,L3475,
La,2,386.449,386.4498+,80,,,28565.40,54434.65,5d.6p,x 3F*,4,5d.6d,f 3G,5,,,L3475,
La,2,387.164,387.1635+,3400,4.67e+07,B+,1016.10,26837.66,5d2,a 3F,3,5d.6p,x 3F*,3,,T7455,L3475,
La,2,388.637,388.6372+,1700,3.3e+07,C+,2591.60,28315.25,5d.6s,a 3D,2,5d.6p,y 3D*,3,,T7455,L3475,
La,1,389.860,389.8595+,50,9.5e+06,B,0.000,25643.00,5d.6s2,2D,3/2,5d2.(3P).6p,4P*,3/2,,T9460,L3475,
La,1,390.258,390.2560+,35,1.24e+07,B,0.000,25616.95,5d.6s2,2D,3/2,5d2.(3P).6p,4P*,1/2,,T9460,L3475,
La,2,391.081,391.0804+,40,,,2591.60,28154.55,5d.6s,a 3D,2,6s.6p,*,1,,,L3475,
La,2,391.605,391.6042+,1300,4.5e+07,B,1895.15,27423.91,5d.6s,a 3D,1,5d.6p,*,1,,T7455,L3475,
La,2,392.154,392.1541+,1100,3.1e+07,C+,1895.15,27388.11,5d.6s,a 3D,1,5d.6p,y 3D*,2,,T7455,L3475,
La,1,392.756,392.7551+,160,9.3e+07,B+,0.000,25453.95,5d.6s2,2D,3/2,5d.6s.(3D).6p,*,1/2,,T9460,L3475,
La,2,392.922,392.9211+,2200,2.97e+07,B+,1394.46,26837.66,5d2,,2,5d.6p,x 3F*,3,,T7455,L3475,
La,2,393.622,393.6218+,180,4.5e+06,C+,1016.10,26414.01,5d2,a 3F,3,5d.6p,x 3F*,2,,T7455,L3475,
La,2,394.910,394.9102+,9000,1.47e+08,B+,3250.35,28565.40,5d.6s,a 3D,3,5d.6p,x 3F*,4,,T7455,L3475,
La,1,395.368,395.3675+,40,9.8e+06,C+,1053.164,26338.93,5d.6s2,2D,5/2,5d2.(3P).6p,4P*,5/2,,T9460,L3475,
La,2,398.852,398.8515+,4400,9.7e+07,B,3250.35,28315.25,5d.6s,a 3D,3,5d.6p,y 3D*,3,,T7455,L3475,
La,2,399.575,399.5745+,3600,7.2e+07,B+,1394.46,26414.01,5d2,,2,5d.6p,x 3F*,2,,T7455,L3475,
La,1,401.539,401.5388+,180,6.5e+07,B+,1053.164,25950.32,5d.6s2,2D,5/2,5d2.(3P).6p,*,3/2,,T9460,L3475,
La,2,402.359,402.3578+,90,,,14375.17,39221.65,4f.(2F*<5/2>).6s<1/2>,"(5/2,1/2)*",3,4f.(2F*<7/2>).6p<3/2>,"(7/2,3/2)",4,,,L3475,
La,2,402.588,402.5874+,250,5.9e+06,C,2591.60,27423.91,5d.6s,a 3D,2,5d.6p,*,1,,T7455,L3475,
La,2,403.169,403.1686+,2800,6.8e+07,B,2591.60,27388.11,5d.6s,a 3D,2,5d.6p,y 3D*,2,,T7455,L3475,
La,2,403.659,403.6585+,40,,,7394.57,32160.99,6s2,a 1S,0,5d.6p,x 3P*,1,,,L3475,
La,1,403.721,403.7207+,140,3.86e+07,B+,0.000,24762.60,5d.6s2,2D,3/2,5d2.(3P).6p?,2D*?,3/2,,T9460,L3475,
La,2,404.291,404.2901+,3000,,,7473.32,32201.05,5d2,a 1G,4,5d.6p,x 1F*,3,,,L3475,
La,2,405.008,405.0073+,320,,,15773.77,40457.71,4f.(2F*<7/2>).6s<1/2>,"(7/2,1/2)*",3,4f.(2F*<7/2>).6p<3/2>,"(7/2,3/2)",2,,,L3475,
La,1,406.033,406.0317+,220,5.6e+07,B+,4121.572,28743.24,5d2.(3F).6s,4F,9/2,4f.5d.(3G*).6s,4G*,11/2,,T9460,L3475,
La,1,406.479,406.4778+,160,4.32e+07,B+,3494.526,28089.17,5d2.(3F).6s,4F,7/2,4f.5d.(3G*).6s,4G*,9/2,,T9460,L3475,
La,1,406.558,406.5573+,60,2.38e+07,B+,1053.164,25643.00,5d.6s2,2D,5/2,5d2.(3P).6p,4P*,3/2,,T9460,L3475,
La,2,406.739,406.7380+,850,1.49e+07,B,1394.46,25973.37,5d2,,2,5d.6p,y 3D*,1,,T7455,L3475,
La,2,407.671,407.6703+,110,9.9e+05,C+,0.00,24522.70,5d2,a 3F,2,4f.5d,y 1F*,3,,T7455,L3475,
La,2,407.735,407.7342+,2800,7.0e+07,B+,1895.15,26414.01,5d.6s,a 3D,1,5d.6p,x 3F*,2,,T7455,L3475,
La,1,407.918,407.9170+,120,1.85e+07,B+,0.000,24507.87&dagger;,5d.6s2,2D,3/2,4f.5d.(3F*).6s,4F*,5/2,,T9460,L3475,
La,2,408.672,408.6709+,5500,6.8e+07,B+,0.00,24462.66,5d2,a 3F,2,5d.6p,y 1D*,2,,T7455,L3475,
La,1,408.961,408.9610+,180,4.2e+07,B+,3010.002,27455.31,5d2.(3F).6s,4F,5/2,4f.5d.(3G*).6s,4G*,7/2,,T9460,L3475,
La,2,409.954,409.9535+,280,,,14147.98,38534.11,4f.(2F*<5/2>).6s<1/2>,"(5/2,1/2)*",2,4f.(2F*<5/2>).6p<3/2>,"(5/2,3/2)",1,,,L3475,
La,1,410.487,410.4870+,110,4.12e+07,B+,2668.188,27022.62,5d2.(3F).6s,4F,3/2,4f.5d.(3G*).6s,4G*,5/2,,T9460,L3475,
La,2,412.323,412.3218+,4400,7.5e+07,B+,2591.60,26837.66,5d.6s,a 3D,2,5d.6p,x 3F*,3,,T7455,L3475,
La,3,412.924,,3,,,,,,,,,,,,,L245,
La,1,413.704,413.7031+,110,1.92e+07,B+,1053.164,25218.27,5d.6s2,2D,5/2,5d2.(3P).6p,*,5/2,,T9460,L3475,
La,3,413.743,,5,,,,,,,,,,,,,L245,
La,2,414.174,414.1718+,550,1.70e+07,B,3250.35,27388.11,5d.6s,a 3D,3,5d.6p,y 3D*,2,,T7455,L3475,
La,2,415.197,415.1960+,1100,4.45e+07,B+,1895.15,25973.37,5d.6s,a 3D,1,5d.6p,y 3D*,1,,T7455,L3475,
La,2,415.278,415.2773+,220,,,14147.98,38221.49,4f.(2F*<5/2>).6s<1/2>,"(5/2,1/2)*",2,4f.(2F*<5/2>).6p<3/2>,"(5/2,3/2)",2,,,L3475,
La,1,415.752,415.7506+,40,3.9e+06,C+,0.000,24046.10,5d.6s2,2D,3/2,5d2.(3P).6p,4D*,5/2,,T9460,L3475,
La,1,416.026,416.0258+,100,1.15e+07,B,1053.164,25083.36,5d.6s2,2D,5/2,5d2.(3P).6p,4D*,7/2,,T9460,L3475,
La,1,417.232,417.2310+,50,6.9e+06,B+,3494.526,27455.31,5d2.(3F).6s,4F,7/2,4f.5d.(3G*).6s,4G*,7/2,,T9460,L3475,
La,1,417.748,417.7481+,70,1.18e+07,B+,1053.164,24984.29,5d.6s2,2D,5/2,5d2.(3P).6p?,*,5/2,,T9460,L3475,
La,1,418.732,418.7310+,280,5.51e+07,B+,0.000,23874.95,5d.6s2,2D,3/2,5d.6s.(3D).6p,*,5/2,,T9460,L3475,
La,2,419.236,419.2338+,280,,,14375.17,38221.49,4f.(2F*<5/2>).6s<1/2>,"(5/2,1/2)*",3,4f.(2F*<5/2>).6p<3/2>,"(5/2,3/2)",2,,,L3475,
La,2,419.655,419.6546+,1500,3.81e+07,B+,2591.60,26414.01,5d.6s,a 3D,2,5d.6p,x 3F*,2,,T7455,L3475,
La,2,420.404,420.404+,240,,,5718.12,29498.05,5d2,a 3P,1,6s.6p,*,2,,,L3475,
La,2,421.756,421.754+,300,,,15698.74,39402.55,4f.(2F*<7/2>).6s<1/2>,"(7/2,1/2)*",4,4f.(2F*<7/2>).6p<3/2>,"(7/2,3/2)",3,,,L3475,
La,2,423.095,423.094+,200,,,15773.77,39402.55,4f.(2F*<7/2>).6s<1/2>,"(7/2,1/2)*",3,4f.(2F*<7/2>).6p<3/2>,"(7/2,3/2)",3,,,L3475,
La,2,423.838,423.837+,1600,2.93e+07,B+,3250.35,26837.66,5d.6s,a 3D,3,5d.6p,x 3F*,3,,T7455,L3475,
La,2,424.999,424.998+,140,,,15698.74,39221.65,4f.(2F*<7/2>).6s<1/2>,"(7/2,1/2)*",4,4f.(2F*<7/2>).6p<3/2>,"(7/2,3/2)",4,,,L3475,
La,1,426.234,426.2337+,50,6.8e+06,B+,1053.164,24507.87&dagger;,5d.6s2,2D,5/2,4f.5d.(3F*).6s,4F*,5/2,,T9460,L3475,
La,2,426.359,426.358+,320,,,15773.77,39221.65,4f.(2F*<7/2>).6s<1/2>,"(7/2,1/2)*",3,4f.(2F*<7/2>).6p<3/2>,"(7/2,3/2)",4,,,L3475,
La,2,426.950,426.949+,480,,,14375.17,37790.57,4f.(2F*<5/2>).6s<1/2>,"(5/2,1/2)*",3,4f.(2F*<5/2>).6p<3/2>,"(5/2,3/2)",4,,,L3475,
La,4,427.076,,2000p,,,,,,,,,,,,,L4562,
La,2,427.564,427.563+,240,8.7e+06,B,2591.60,25973.37,5d.6s,a 3D,2,5d.6p,y 3D*,1,,T7455,L3475,
La,1,428.027,428.0256+,300,5.69e+07,B+,1053.164,24409.68,5d.6s2,2D,5/2,4f.5d.(1G*).6s,*,7/2,,T9460,L3475,
La,2,428.697,428.696+,600,,,15698.74,39018.74,4f.(2F*<7/2>).6s<1/2>,"(7/2,1/2)*",4,4f.(2F*<7/2>).6p<3/2>,"(7/2,3/2)",5,,,L3475,
La,2,429.605,429.605+,600,,,6227.42,29498.05,5d2,a 3P,2,6s.6p,*,2,,,L3475,
La,2,430.044,430.043+,120,1.89e+06,B,0.00,23246.93,5d2,a 3F,2,4f.5d,z 3P*,2,,T7455,L3475,
La,2,431.590,431.589+,50,,,3250.35,26414.01,5d.6s,a 3D,3,5d.6p,x 3F*,2,,,L3475,
La,2,432.251,432.250+,440,5.9e+06,B+,1394.46,24522.70,5d2,,2,4f.5d,y 1F*,3,,T7455,L3475,
La,2,433.374,433.375+,4600,6.2e+07,B+,1394.46,24462.66,5d2,,2,5d.6p,y 1D*,2,,T7455,L3475,
La,2,433.496,433.497+,20,,,14147.98,37209.71,4f.(2F*<5/2>).6s<1/2>,"(5/2,1/2)*",2,4f.(2F*<5/2>).6p<3/2>,"(5/2,3/2)",3,,,L3475,
La,1,434.073,434.0720+,40,,,8446.044,31477.22,5d2.(1D).6s,2D,3/2,,*,5/2,,,L3475,
La,2,435.440,435.441+,550,,,7394.57,30353.33,6s2,a 1S,0,4f.5d,y 1P*,1,,,L3475,
La,1,435.480,435.4793+,60,5.9e+07,B+,9183.797,32140.55,5d2.(1D).6s,2D,5/2,,*,7/2,,T9460,L3475,
La,2,436.467,436.466+,110,,,5249.70,28154.55,5d2,a 3P,0,6s.6p,*,1,,,L3475,
La,2,437.810,437.810+,110,,,14375.17,37209.71,4f.(2F*<5/2>).6s<1/2>,"(5/2,1/2)*",3,4f.(2F*<5/2>).6p<3/2>,"(5/2,3/2)",3,,,L3475,
La,2,438.344,438.345+,280,,,14147.98,36954.65,4f.(2F*<5/2>).6s<1/2>,"(5/2,1/2)*",2,4f.(2F*<7/2>).6p<1/2>,"(7/2,1/2)",3,,,L3475,
La,2,438.520,438.519+,100,,,14375.17,37172.79,4f.(2F*<5/2>).6s<1/2>,"(5/2,1/2)*",3,4f.(2F*<7/2>).6p<1/2>,"(7/2,1/2)",4,,,L3475,
La,1,438.987,438.9870+,60,,,9719.439,32492.76,5d2.(3P).6s,2P,3/2,,*,5/2,,,L3475,
La,1,440.265,440.2640+,50,,,9044.214,31751.48,5d2.(3P).6s,2P,1/2,,*,3/2,,,L3475,
La,2,441.121,441.121+,50,,,28565.40,51228.57,5d.6p,x 3F*,4,5d.(2D<5/2>).7s<1/2>,"(5/2,1/2)",3,,,L3475,
La,2,441.916,441.914+,80,,,16599.17,39221.65,4f.5d,z 1G*,4,4f.(2F*<7/2>).6p<3/2>,"(7/2,3/2)",4,,,L3475,
La,1,442.390,442.3905+,160,4.65e+07,B+,8052.162,30650.28,5d2.(3F).6s,2F,7/2,,*,9/2,,T9460,L3475,
La,2,442.755,442.756+,260,,,14375.17,36954.65,4f.(2F*<5/2>).6s<1/2>,"(5/2,1/2)*",3,4f.(2F*<7/2>).6p<1/2>,"(7/2,1/2)",3,,,L3475,
La,2,442.990,442.991+,2000,3.03e+07,B+,1895.15,24462.66,5d.6s,a 3D,1,5d.6p,y 1D*,2,,T7455,L3475,
La,2,443.298,443.295+,160bl,5.8e+05,C+,1970.70,24522.70,5d2,a 3F,4,4f.5d,y 1F*,3,,T7455,L3475,
La,2,443.585,443.584+,50,2.1e+05,C,0.00,22537.30,5d2,a 3F,2,4f.5d,z 3D*,3,,T7455,L3475,
La,1,445.215,445.2136+,100*,,,9960.904,32415.73,5d2.(1G).6s,2G,7/2,,*,9/2,,,L3475,
La,1,445.215,445.2149+,100*,,,7011.909,29466.67,5d2.(3F).6s,2F,5/2,,*,7/2,,,L3475,
La,2,445.580,445.579+,100,,,5718.12,28154.55,5d2,a 3P,1,6s.6p,*,1,,,L3475,
La,1,446.897,446.8965+,40,5.3e+06,C+,3010.002,25380.27,5d2.(3F).6s,4F,5/2,4f.5d.(3F*).6s,4F*,7/2,,T9460,L3475,
La,3,448.297,,200,,,,,,,,,,,,,L245,
La,1,448.606,448.6053+,40,2.19e+07,B+,7490.521,29775.58&dagger;,5d2.(3P).6s,4P,3/2,4f.5d.(3D*).6s,*,5/2,,T9460,L3475,
La,1,449.311,449.3102+,40,3.5e+06,C+,1053.164,23303.26,5d.6s2,2D,5/2,5d2.(3F).6p,4D*,7/2,,T9460,L3475,
La,1,449.471,449.4699+,40,1.41e+07,B+,2668.188,24910.38,5d2.(3F).6s,4F,3/2,4f.5d.(1D*).6s?,*,3/2,,T9460,L3475,
La,3,449.905,,300,,,,,,,,,,,,,L245,
La,1,450.022,450.0206+,90,4.79e+07,B+,7679.939,29894.91,5d2.(3P).6s,4P,5/2,4f.5d.(3D*).6s,*,7/2,,T9460,L3475,
La,2,452.237,452.235+,850,,,10094.86,32201.05,5d.6s,,2,5d.6p,x 1F*,3,,,L3475,
La,2,452.531,452.529+,170,,,15698.74,37790.57,4f.(2F*<7/2>).6s<1/2>,"(7/2,1/2)*",4,4f.(2F*<5/2>).6p<3/2>,"(5/2,3/2)",4,,,L3475,
La,2,452.612,452.611+,420,1.19e+07,C,6227.42,28315.25,5d2,a 3P,2,5d.6p,y 3D*,3,,T7455,L3475,
La,1,454.179,454.1774+,30,1.87e+07,B,7490.521,29502.18&dagger;,5d2.(3P).6s,4P,3/2,4f.5d.(3D*).6s,*,5/2,,T9460,L3475,
La,1,454.950,454.9498+,80,1.85e+07,B+,3010.002,24984.29,5d2.(3F).6s,4F,5/2,5d2.(3P).6p?,*,5/2,,T9460,L3475,
La,4,454.980,,1500w,,,,,,,,,,,,,L4562,
La,2,455.846,455.846+,400,4.94e+06,B+,2591.60,24522.70,5d.6s,a 3D,2,4f.5d,y 1F*,3,,T7455,L3475,
La,2,455.929,455.928+,110,,,6227.42,28154.55,5d2,a 3P,2,6s.6p,*,1,,,L3475,
La,1,456.791,456.7904+,160,3.27e+07,B+,3494.526,25380.27,5d2.(3F).6s,4F,7/2,4f.5d.(3F*).6s,4F*,7/2,,T9460,L3475,
La,1,457.002,457.0023+,200,4.34e+07,B+,4121.572,25997.17,5d2.(3F).6s,4F,9/2,4f.5d.(3F*).6s,4F*,9/2,,T9460,L3475,
La,2,457.488,457.486+,400,5.3e+06,B+,1394.46,23246.93,5d2,,2,4f.5d,z 3P*,2,,T7455,L3475,
La,2,458.006,458.004+,200,3.13e+07,B+,5718.12,27545.85,5d2,a 3P,1,6s.6p,y 3P*,0,,T7455,L3475,
La,1,460.205,460.2038+,35,2.33e+07,B+,8052.162,29775.58&dagger;,5d2.(3F).6s,2F,7/2,4f.5d.(3D*).6s,*,5/2,,T9460,L3475,
La,2,460.578,460.578+,160,6.9e+06,B,5718.12,27423.91,5d2,a 3P,1,5d.6p,*,1,,T7455,L3475,
La,2,461.339,461.338+,410,1.10e+07,B,5718.12,27388.11,5d2,a 3P,1,5d.6p,y 3D*,2,,T7455,L3475,
La,1,461.507,461.5064+,23,,,7231.407,28893.51,5d2.(3P).6s,4P,1/2,4f.5d.(3D*).6s,4D*,1/2,,,L3475,
La,2,461.988,461.987+,410,,,14147.98,35787.53,4f.(2F*<5/2>).6s<1/2>,"(5/2,1/2)*",2,4f.(2F*<5/2>).6p<1/2>,"(5/2,1/2)",2,,,L3475,
La,2,463.643,463.643+,40,,,18895.41,40457.71,4f.5d,z 1D*,2,4f.(2F*<7/2>).6p<3/2>,"(7/2,3/2)",2,,,L3475,
La,2,464.528,464.528+,110,7.2e+05,B+,1016.10,22537.30,5d2,a 3F,3,4f.5d,z 3D*,3,,T7455,L3475,
La,1,464.634,464.6335+,45,,,9960.904,31477.22,5d2.(1G).6s,2G,7/2,,*,5/2,,,L3475,
La,2,464.751,464.749+,70,,,15698.74,37209.71,4f.(2F*<7/2>).6s<1/2>,"(7/2,1/2)*",4,4f.(2F*<5/2>).6p<3/2>,"(5/2,3/2)",3,,,L3475,
La,1,464.865,464.8641+,80,2.02e+07,B+,2668.188,24173.83,5d2.(3F).6s,4F,3/2,4f.5d.(3F*).6s,4F*,3/2,,T9460,L3475,
La,1,465.033,465.0322+,35,5.4e+06,B+,3010.002,24507.87&dagger;,5d2.(3F).6s,4F,5/2,4f.5d.(3F*).6s,4F*,5/2,,T9460,L3475,
La,1,465.208,465.2076+,45,6.9e+06,B+,3494.526,24984.29,5d2.(3F).6s,4F,7/2,5d2.(3P).6p?,*,5/2,,T9460,L3475,
La,2,465.550,465.548+,540,,,15698.74,37172.79,4f.(2F*<7/2>).6s<1/2>,"(7/2,1/2)*",4,4f.(2F*<7/2>).6p<1/2>,"(7/2,1/2)",4,,,L3475,
La,1,466.070,466.0696+,35,1.87e+07,B,8052.162,29502.18&dagger;,5d2.(3F).6s,2F,7/2,4f.5d.(3D*).6s,*,5/2,,T9460,L3475,
La,2,466.251,466.250+,360,5.8e+06,B+,0.00,21441.73,5d2,a 3F,2,4f.5d,z 3D*,1,,T7455,L3475,
La,2,466.376,466.376+,230,,,15773.77,37209.71,4f.(2F*<7/2>).6s<1/2>,"(7/2,1/2)*",3,4f.(2F*<5/2>).6p<3/2>,"(5/2,3/2)",3,,,L3475,
La,2,466.891,466.889+,200,,,14375.17,35787.53,4f.(2F*<5/2>).6s<1/2>,"(5/2,1/2)*",3,4f.(2F*<5/2>).6p<1/2>,"(5/2,1/2)",2,,,L3475,
La,2,467.183,467.180+,160,,,15773.77,37172.79,4f.(2F*<7/2>).6s<1/2>,"(7/2,1/2)*",3,4f.(2F*<7/2>).6p<1/2>,"(7/2,1/2)",4,,,L3475,
La,2,469.118,469.117+,90,1.56e+06,B,1394.46,22705.15,5d2,,2,4f.5d,z 3P*,1,,T7455,L3475,
La,2,469.250,469.249+,230,,,14147.98,35452.66,4f.(2F*<5/2>).6s<1/2>,"(5/2,1/2)*",2,4f.(2F*<5/2>).6p<1/2>,"(5/2,1/2)",3,,,L3475,
La,2,469.963,469.962+,90,7.1e+05,C,3250.35,24522.70,5d.6s,a 3D,3,4f.5d,y 1F*,3,,T7455,L3475,
La,1,470.026,470.025+,35,,,13260.38,34529.88,5d.6s.(3D).6p,4F*,3/2,,,5/2,,,L3475,
La,1,470.264,470.2641+,35,4.9e+06,B,4121.572,25380.27,5d2.(3F).6s,4F,9/2,4f.5d.(3F*).6s,4F*,7/2,,T9460,L3475,
La,2,470.328,470.326+,140,,,15698.74,36954.65,4f.(2F*<7/2>).6s<1/2>,"(7/2,1/2)*",4,4f.(2F*<7/2>).6p<1/2>,"(7/2,1/2)",3,,,L3475,
La,1,470.819,470.8186+,35,2.03e+07,B+,9183.797,30417.46&dagger;,5d2.(1D).6s,2D,5/2,4f.5d.(3P*).6s,4P*,3/2,,T9460,L3475,
La,2,471.293,471.293+,70,,,3250.35,24462.66,5d.6s,a 3D,3,5d.6p,y 1D*,2,,,L3475,
La,2,471.644,471.644+,170,6.2e+06,B,6227.42,27423.91,5d2,a 3P,2,5d.6p,*,1,,T7455,L3475,
La,2,471.759,471.758+,35,,,16599.17,37790.57,4f.5d,z 1G*,4,4f.(2F*<5/2>).6p<3/2>,"(5/2,3/2)",4,,,L3475,
La,2,471.994,471.992+,140,,,15773.77,36954.65,4f.(2F*<7/2>).6s<1/2>,"(7/2,1/2)*",3,4f.(2F*<7/2>).6p<1/2>,"(7/2,1/2)",3,,,L3475,
La,2,472.443,472.442+,35,,,6227.42,27388.11,5d2,a 3P,2,5d.6p,y 3D*,2,,,L3475,
La,2,472.842,472.841+,230,1.77e+06,B+,1394.46,22537.30,5d2,,2,4f.5d,z 3D*,3,,T7455,L3475,
La,2,474.028,474.028+,500,5.3e+06,B+,1016.10,22106.02,5d2,a 3F,3,4f.5d,z 3D*,2,,T7455,L3475,
La,2,474.309,474.307+,390,,,14375.17,35452.66,4f.(2F*<5/2>).6s<1/2>,"(5/2,1/2)*",3,4f.(2F*<5/2>).6p<1/2>,"(5/2,1/2)",3,,,L3475,
La,2,474.873,474.873+,320,7.7e+06,B+,7473.32,28525.71,5d2,a 1G,4,4f.5d,z 1H*,5,,T7455,L3475,
La,1,475.041,475.0419+,45,3.6e+07,B,9919.821,30964.71,5d2.(1G).6s,2G,9/2,,*,7/2,,T9460,L3475,
La,1,476.689,476.6891+,160,1.18e+07,B+,0.000,20972.17,5d.6s2,2D,3/2,5d2.(3F).6p,*,5/2,,T9460,L3475,
La,1,477.043,477.0426+,35,2.54e+07,B,7011.909,27968.54,5d2.(3F).6s,2F,5/2,4f.5d.(3D*).6s,*,3/2,,T9460,L3475,
La,2,479.669,479.668+,28,8.3e+05,C+,7473.32,28315.25,5d2,a 1G,4,5d.6p,y 3D*,3,,T7455,L3475,
La,1,480.000,479.9992+,28,,,9960.904,30788.45,5d2.(1G).6s,2G,7/2,,*,5/2,,,L3475,
La,1,480.025,480.0240+,23,1.63e+07,B,7679.939,28506.41,5d2.(3P).6s,4P,5/2,5d.6s.(3D).6p,*,5/2,,T9460,L3475,
La,2,480.404,480.404+,160,3.14e+06,B+,1895.15,22705.15,5d.6s,a 3D,1,4f.5d,z 3P*,1,,T7455,L3475,
La,2,480.901,480.900+,160,1.15e+07,B+,1895.15,22683.70,5d.6s,a 3D,1,4f.5d,z 3P*,0,,T7455,L3475,
La,1,481.717,481.7247+,28h,1.75e+07,B,9183.797,29936.74&dagger;,5d2.(1D).6s,2D,5/2,4f.5d.(3P*).6s,*,3/2,,T9460,L3475,
La,2,482.406,482.405+,200,1.29e+07,B,5249.70,25973.37,5d2,a 3P,0,5d.6p,y 3D*,1,,T7455,L3475,
La,2,482.688,482.687+,23,,,1394.46,22106.02,5d2,,2,4f.5d,z 3D*,2,,,L3475,
La,4,483.689,,500,,,,,,,,,,,,,L4562,
La,1,483.952,483.9514+,70,4.38e+07,B+,7011.909,27669.37,5d2.(3F).6s,2F,5/2,4f.5d.(3F*).6s,2F*,5/2,,T9460,L3475,
La,2,484.001,484.001+,45,9.2e+05,C+,2591.60,23246.93,5d.6s,a 3D,2,4f.5d,z 3P*,2,,T7455,L3475,
La,2,485.058,485.060+,45,,,6227.42,26837.66,5d2,a 3P,2,5d.6p,x 3F*,3,,,L3475,
La,1,485.082,485.0812+,70,6.2e+06,B,1053.164,21662.51,5d.6s2,2D,5/2,5d2.(3F).6p,2G*,7/2,,T9460,L3475,
La,1,485.495,485.4950+,23,2.7e+07,B+,9183.797,29775.58&dagger;,5d2.(1D).6s,2D,5/2,4f.5d.(3D*).6s,*,5/2,,T9460,L3475,
La,2,486.091,486.089+,320,3.69e+06,B+,1970.70,22537.30,5d2,a 3F,4,4f.5d,z 3D*,3,,T7455,L3475,
La,1,487.056,487.0558+,35,,,8446.044,28971.84,5d2.(1D).6s,2D,3/2,4f.5d.(3D*).6s,*,3/2,,,L3475,
La,1,487.886,487.8848+,65,2.38e+07,B+,8052.162,28543.08,5d2.(3F).6s,2F,7/2,4f.5d.(3F*).6s,2F*,7/2,,T9460,L3475,
La,1,488.761,488.7595+,26,1.28e+07,B,8052.162,28506.41,5d2.(3F).6s,2F,7/2,5d.6s.(3D).6p,*,5/2,,T9460,L3475,
La,2,489.992,489.992+,850,7.3e+06,B+,0.00,20402.82,5d2,a 3F,2,4f.5d,z 3G*,3,,T7455,L3475,
La,1,490.187,490.1867+,65,4.7e+06,B,1053.164,21447.86,5d.6s2,2D,5/2,5d2.(3F).6p,*,7/2,,T9460,L3475,
La,1,490.513,490.5129+,26,6.5e+06,B,7011.909,27393.04,5d2.(3F).6s,2F,5/2,5d2.(1D).6p,*,5/2,,T9460,L3475,
La,2,492.098,492.098+,1000,8.0e+06,B+,1016.10,21331.60,5d2,a 3F,3,4f.5d,z 3G*,4,,T7455,L3475,
La,2,492.179,492.178+,1000,8.8e+06,B+,1970.70,22282.90,5d2,a 3F,4,4f.5d,z 3G*,5,,T7455,L3475,
La,2,493.483,493.483+,140,,,10094.86,30353.33,5d.6s,,2,4f.5d,y 1P*,1,,,L3475,
La,2,493.562,493.561+,26,,,5718.12,25973.37,5d2,a 3P,1,5d.6p,y 3D*,1,,,L3475,
La,1,494.585,494.5845+,26,9.1e+06,B+,7011.909,27225.26,5d2.(3F).6s,2F,5/2,5d2.(3P).6p,2P*,3/2,,T9460,L3475,
La,2,494.647,494.645+,110,1.02e+06,B,1895.15,22106.02,5d.6s,a 3D,1,4f.5d,z 3D*,2,,T7455,L3475,
La,1,494.977,494.9766+,370,9.0e+07,B+,0.000,20197.34,5d.6s2,2D,3/2,5d.6s.(1D).6p,*,1/2,,T9460,L3475,
La,2,495.207,495.205+,65,,,19214.54,39402.55,4f.5d,y 3F*,4,4f.(2F*<7/2>).6p<3/2>,"(7/2,3/2)",3,,,L3475,
La,2,497.039,497.039+,340,6.3e+06,B+,2591.60,22705.15,5d.6s,a 3D,2,4f.5d,z 3P*,1,,T7455,L3475,
La,1,497.795,497.7952+,35,3.01e+06,B+,0.000,20082.98,5d.6s2,2D,3/2,5d2.(3F).6p,4F*,3/2,,T9460,L3475,
La,2,498.683,498.682+,370,4.48e+06,B+,1394.46,21441.73,5d2,,2,4f.5d,z 3D*,1,,T7455,L3475,
La,2,499.128,499.128+,140,6.9e+06,C+,7394.57,27423.91,6s2,a 1S,0,5d.6p,*,1,,T7455,L3475,
La,1,499.388,499.386+,65,6.2e+06,B+,0.000,20018.99,5d.6s2,2D,3/2,5d.6s.(1D).6p,*,3/2,,T9460,L3475,
La,2,499.682,499.683+,35,,,19214.54,39221.65,4f.5d,y 3F*,4,4f.(2F*<7/2>).6p<3/2>,"(7/2,3/2)",4,,,L3475,
La,2,499.947,499.946+,720,9.0e+06,B+,3250.35,23246.93,5d.6s,a 3D,3,4f.5d,z 3P*,2,,T7455,L3475,
La,1,500.179,500.178+,50,2.13e+07,B+,8052.162,28039.45,5d2.(3F).6s,2F,7/2,5d.6s.(1D).6p,*,7/2,,T9460,L3475,
La,2,500.213,500.212+,35,,,18235.56,38221.49,4f.5d,y 3F*,3,4f.(2F*<5/2>).6p<3/2>,"(5/2,3/2)",2,,,L3475,
La,1,504.688,504.687+,140,1.13e+07,B+,3494.526,23303.26,5d2.(3F).6s,4F,7/2,5d2.(3F).6p,4D*,7/2,,T9460,L3475,
La,2,504.804,504.803+,26,,,19214.54,39018.74,4f.5d,y 3F*,4,4f.(2F*<7/2>).6p<3/2>,"(7/2,3/2)",5,,,L3475,
La,1,505.057,505.056+,210,2.16e+07,B+,3010.002,22804.25,5d2.(3F).6s,4F,5/2,5d2.(3F).6p,4D*,5/2,,T9460,L3475,
La,1,505.646,505.646+,170,2.26e+07,B+,2668.188,22439.36,5d2.(3F).6s,4F,3/2,5d2.(3F).6p,4D*,3/2,,T9460,L3475,
La,2,506.292,506.292+,45,,,6227.42,25973.37,5d2,a 3P,2,5d.6p,y 3D*,1,,,L3475,
La,1,506.790,506.789+,45,3.10e+06,B,3494.526,23221.10,5d2.(3F).6s,4F,7/2,5d.6s.(3D).6p,*,7/2,,T9460,L3475,
La,1,507.892,507.890+,24,,,15196.83,34880.63,4f.6s2,2F*,5/2,,,5/2,,,L3475,
La,2,508.021,508.017+,35h,,,15773.77,35452.66,4f.(2F*<7/2>).6s<1/2>,"(7/2,1/2)*",3,4f.(2F*<5/2>).6p<1/2>,"(5/2,1/2)",3,,,L3475,
La,1,510.313,510.312+,24,,,15196.83,34787.23,4f.6s2,2F*,5/2,,,5/2,,,L3475,
La,1,510.623,510.623+,200,1.05e+08,B+,2668.188,22246.64,5d2.(3F).6s,4F,3/2,5d2.(3F).6p,4D*,1/2,,T9460,L3475,
La,2,511.456,511.456+,470,8.0e+06,B+,1895.15,21441.73,5d.6s,a 3D,1,4f.5d,z 3D*,1,,T7455,L3475,
La,1,512.088,512.087+,45,1.96e+07,C+,8446.044,27968.54,5d2.(1D).6s,2D,3/2,4f.5d.(3D*).6s,*,3/2,,T9460,L3475,
La,2,512.299,512.299+,470,7.2e+06,B+,2591.60,22106.02,5d.6s,a 3D,2,4f.5d,z 3D*,2,,T7455,L3475,
La,1,513.544,513.543+,21,,,15196.83,34663.99,4f.6s2,2F*,5/2,,,7/2,,,L3475,
La,1,513.916,513.916+,24,,,16099.29,35552.32,5d.6s.(3D).6p,4D*,7/2,,,9/2,,,L3475,
La,1,514.542,514.542+,450,8.2e+07,B+,3010.002,22439.36,5d2.(3F).6s,4F,5/2,5d2.(3F).6p,4D*,3/2,,T9460,L3475,
La,3,514.573,,5,,,,,,,,,,,,,L245,
La,2,515.674,515.673+,180,5.0e+05,B,1016.10,20402.82,5d2,a 3F,3,4f.5d,z 3G*,3,,T7455,L3475,
La,2,515.743,515.743+,180,,,17825.62,37209.71,4f.5d,z 3H*,4,4f.(2F*<5/2>).6p<3/2>,"(5/2,3/2)",3,,,L3475,
La,3,515.841,,8,,,,,,,,,,,,,L245,
La,1,515.869,515.868+,290,1.1e+07,B+,0.000,19379.40,5d.6s2,2D,3/2,5d2.(3F).6p,2D*,5/2,,T9460,L3475,
La,2,516.362,516.361+,120,4.3e+05,B,1970.70,21331.60,5d2,a 3F,4,4f.5d,z 3G*,4,,T7455,L3475,
La,1,516.779,516.778+,80,4.6e+06,B,4121.572,23466.84,5d2.(3F).6s,4F,9/2,4f.5d.(1G*).6s,2G*,9/2,,T9460,L3475,
La,2,517.291,517.291+,26,,,18895.41,38221.49,4f.5d,z 1D*,2,4f.(2F*<5/2>).6p<3/2>,"(5/2,3/2)",2,,,L3475,
La,2,517.384,517.379+,80,,,32201.05,51523.86,5d.6p,x 1F*,3,5d.(2D<5/2>).7s<1/2>,"(5/2,1/2)",2,,,L3475,
La,1,517.731,517.730+,580,8.2e+07,B+,3494.526,22804.25,5d2.(3F).6s,4F,7/2,5d2.(3F).6p,4D*,5/2,,T9460,L3475,
La,1,517.912,517.912+,24,,,8446.044,27748.97,5d2.(1D).6s,2D,3/2,5d2.(3P).6p,2P*,1/2,,,L3475,
La,2,518.342,518.341+,850,8.9e+06,B+,3250.35,22537.30,5d.6s,a 3D,3,4f.5d,z 3D*,3,,T7455,L3475,
La,1,518.392,518.391+,90,5.7e+06,B+,1053.164,20338.25,5d.6s2,2D,5/2,5d2.(3F).6p,4F*,5/2,,T9460,L3475,
La,2,518.822,518.821+,260,,,19749.62,39018.74,4f.5d,z 3H*,6,4f.(2F*<7/2>).6p<3/2>,"(7/2,3/2)",5,,,L3475,
La,2,520.415,520.413+,170,,,18580.41,37790.57,4f.5d,z 3H*,5,4f.(2F*<5/2>).6p<3/2>,"(5/2,3/2)",4,,,L3475,
La,1,521.186,521.185+,720,4.97e+07,B+,4121.572,23303.26,5d2.(3F).6s,4F,9/2,5d2.(3F).6p,4D*,7/2,,T9460,L3475,
La,2,522.621,522.620+,35,,,17825.62,36954.65,4f.5d,z 3H*,4,4f.(2F*<7/2>).6p<1/2>,"(7/2,1/2)",3,,,L3475,
La,1,523.427,523.427+,520,4.22e+07,B+,4121.572,23221.10,5d2.(3F).6s,4F,9/2,5d.6s.(3D).6p,*,7/2,,T9460,L3475,
La,1,523.955,523.956+,35,4.0e+06,B,8052.162,27132.44,5d2.(3F).6s,2F,7/2,5d2.(1G).6p,2G*,7/2,,T9460,L3475,
La,1,524.083,524.083+,26,,,15196.83,34272.48,4f.6s2,2F*,5/2,,,7/2,,,L3475,
La,1,525.346,525.345+,340,3.04e+07,B+,1053.164,20082.98,5d.6s2,2D,5/2,5d2.(3F).6p,4F*,3/2,,T9460,L3475,
La,1,525.785,525.784+,35,,,16538.39,35552.32,4f.6s2,2F*,7/2,,,9/2,,,L3475,
La,2,525.939,525.938+,110,3.9e+05,C+,1394.46,20402.82,5d2,,2,4f.5d,z 3G*,3,,T7455,L3475,
La,1,527.119,527.117+,370,3.99e+07,B+,1053.164,20018.99,5d.6s2,2D,5/2,5d.6s.(1D).6p,*,3/2,,T9460,L3475,
La,1,527.642,527.641+,50,1.33e+07,C+,8446.044,27393.04,5d2.(1D).6s,2D,3/2,5d2.(1D).6p,*,5/2,,T9460,L3475,
La,2,527.913,527.913+,26,,,18235.56,37172.79,4f.5d,y 3F*,3,4f.(2F*<7/2>).6p<1/2>,"(7/2,1/2)",4,,,L3475,
La,2,529.084,529.082+,140,1.06e+06,C+,0.00,18895.41,5d2,a 3F,2,4f.5d,z 1D*,2,,T7455,L3475,
La,2,530.198,530.197+,370,3.46e+06,B+,3250.35,22106.02,5d.6s,a 3D,3,4f.5d,z 3D*,2,,T7455,L3475,
La,2,530.262,530.258+,140,,,16599.17,35452.66,4f.5d,z 1G*,4,4f.(2F*<5/2>).6p<1/2>,"(5/2,1/2)",3,,,L3475,
La,2,530.355,530.353+,180,3.54e+06,B,2591.60,21441.73,5d.6s,a 3D,2,4f.5d,z 3D*,1,,T7455,L3475,
La,1,530.402,530.401+,45,1.3e+07,B+,7490.521,26338.93,5d2.(3P).6s,4P,3/2,5d2.(3P).6p,4P*,5/2,,T9460,L3475,
La,1,530.753,530.754+,24,,,15196.83,34032.72,4f.6s2,2F*,5/2,,,7/2,,,L3475,
La,1,532.016,532.015+,16,4.80e+05,B,3494.526,22285.77,5d2.(3F).6s,4F,7/2,5d2.(3F).6p,2G*,9/2,,T9460,L3475,
La,1,532.357,532.356+,35,6.6e+06,B,8446.044,27225.26,5d2.(1D).6s,2D,3/2,5d2.(3P).6p,2P*,3/2,,T9460,L3475,
La,2,534.067,534.065+,110,,,18235.56,36954.65,4f.5d,y 3F*,3,4f.(2F*<7/2>).6p<1/2>,"(7/2,1/2)",3,,,L3475,
La,1,535.786,535.786+,110*,2.47e+07,B+,7679.939,26338.93,5d2.(3P).6s,4P,5/2,5d2.(3P).6p,4P*,5/2,,T9460,L3475,
La,1,535.786,535.794+,110*,,,15019.51,33678.21,5d.6s.(3D).6p,4F*,7/2,,,5/2,,,L3475,
La,1,536.589,536.588+,21,6.3e+06,B,7011.909,25643.00,5d2.(3F).6s,2F,5/2,5d2.(3P).6p,4P*,3/2,,T9460,L3475,
La,2,537.709,537.705+,130,,,18580.41,37172.79,4f.5d,z 3H*,5,4f.(2F*<7/2>).6p<1/2>,"(7/2,1/2)",4,,,L3475,
La,1,538.001,538.001+,21,6.5e+06,B+,9960.904,28543.08,5d2.(1G).6s,2G,7/2,4f.5d.(3F*).6s,2F*,7/2,,T9460,L3475,
La,2,538.099,538.098+,140,5.7e+06,C+,7394.57,25973.37,6s2,a 1S,0,5d.6p,y 3D*,1,,T7455,L3475,
La,2,538.192,538.191+,80,,,17211.93,35787.53,4f.5d,y 3F*,2,4f.(2F*<5/2>).6p<1/2>,"(5/2,1/2)",2,,,L3475,
La,1,541.568,541.567+,26,8.4e+06,C+,7490.521,25950.32,5d2.(3P).6s,4P,3/2,5d2.(3P).6p,*,3/2,,T9460,L3475,
La,1,542.986,542.985+,40,1.24e+07,B,7231.407,25643.00,5d2.(3P).6s,4P,1/2,5d2.(3P).6p,4P*,3/2,,T9460,L3475,
La,1,543.754,543.754+,21,9.1e+06,C+,7231.407,25616.95,5d2.(3P).6s,4P,1/2,5d2.(3P).6p,4P*,1/2,,T9460,L3475,
La,1,545.515,545.514+,500,4.07e+07,B+,1053.164,19379.40,5d.6s2,2D,5/2,5d2.(3F).6p,2D*,5/2,,T9460,L3475,
La,2,545.869,545.870+,35,,,18895.41,37209.71,4f.5d,z 1D*,2,4f.(2F*<5/2>).6p<3/2>,"(5/2,3/2)",3,,,L3475,
La,2,546.438,546.437+,45,,,6227.42,24522.70,5d2,a 3P,2,4f.5d,y 1F*,3,,,L3475,
La,1,546.692,546.692+,13,3.81e+06,B,8052.162,26338.93,5d2.(3F).6s,2F,7/2,5d2.(3P).6p,4P*,5/2,,T9460,L3475,
La,3,546.781,,6,,,,,,,,,,,,,L245,
La,2,548.073,548.071+,26,,,17211.93,35452.66,4f.5d,y 3F*,2,4f.(2F*<5/2>).6p<1/2>,"(5/2,1/2)",3,,,L3475,
La,2,548.227,548.227+,65,1.85e+05,C+,0.00,18235.56,5d2,a 3F,2,4f.5d,y 3F*,3,,T7455,L3475,
La,1,549.107,549.106+,26,5.4e+06,B,7011.909,25218.27,5d2.(3F).6s,2F,5/2,5d2.(3P).6p,*,5/2,,T9460,L3475,
La,3,549.190,,55,,,,,,,,,,,,,L245,
La,2,549.345,549.345+,40,1.24e+05,C+,1016.10,19214.54,5d2,a 3F,3,4f.5d,y 3F*,4,,T7455,L3475,
La,1,550.134,550.134+,470,5.12e+07,B+,0.000,18172.35,5d.6s2,2D,3/2,5d2.(3F).6p,2D*,3/2,,T9460,L3475,
La,1,550.225,550.225+,26,5.6e+06,C+,9919.821,28089.17,5d2.(1G).6s,2G,9/2,4f.5d.(3G*).6s,4G*,9/2,,T9460,L3475,
La,1,550.267,550.266+,18,1.23e+06,C+,3494.526,21662.51,5d2.(3F).6s,4F,7/2,5d2.(3F).6p,2G*,7/2,,T9460,L3475,
La,1,550.381,550.381+,90,5.3e+06,B+,4121.572,22285.77,5d2.(3F).6s,4F,9/2,5d2.(3F).6p,2G*,9/2,,T9460,L3475,
La,1,550.600,550.600+,50,2.01e+06,B+,0.000,18156.97,5d.6s2,2D,3/2,5d.6s.(3D).6p,4P*,5/2,,T9460,L3475,
La,3,551.172,,2,,,,,,,,,,,,,L245,
La,1,551.528,551.527+,40,2.66e+07,B+,7490.521,25616.95,5d2.(3P).6s,4P,3/2,5d2.(3P).6p,4P*,1/2,,T9460,L3475,
La,1,551.734,551.734+,65,2.76e+07,B+,9919.821,28039.45,5d2.(1G).6s,2G,9/2,5d.6s.(1D).6p,*,7/2,,T9460,L3475,
La,3,551.819,,1,,,,,,,,,,,,,L245,
La,3,552.954,,45,,,,,,,,,,,,,L245,
La,1,552.987,552.988+,18,6.5e+06,C+,9960.904,28039.45,5d2.(1G).6s,2G,7/2,5d.6s.(1D).6p,*,7/2,,T9460,L3475,
La,1,553.206,553.205+,13,1.13e+06,C,7011.909,25083.36,5d2.(3F).6s,2F,5/2,5d2.(3P).6p,4D*,7/2,,T9460,L3475,
La,2,553.567,553.566+,90,,,10094.86,28154.55,5d.6s,,2,6s.6p,*,1,,,L3475,
La,1,554.126,554.125+,65,3.04e+07,B+,9183.797,27225.26,5d2.(1D).6s,2D,5/2,5d2.(3P).6p,2P*,3/2,,T9460,L3475,
La,1,554.491,554.492+,24,,,9719.439,27748.97,5d2.(3P).6s,2P,3/2,5d2.(3P).6p,2P*,1/2,,,L3475,
La,1,556.544,556.543+,50,1.86e+07,C+,7679.939,25643.00,5d2.(3P).6s,4P,5/2,5d2.(3P).6p,4P*,3/2,,T9460,L3475,
La,1,556.572,556.571+,40,3.2e+06,C+,3010.002,20972.17,5d2.(3F).6s,4F,5/2,5d2.(3F).6p,*,5/2,,T9460,L3475,
La,2,556.694,556.693+,24,,,19214.54,37172.79,4f.5d,y 3F*,4,4f.(2F*<7/2>).6p<1/2>,"(7/2,1/2)",4,,,L3475,
La,1,556.846,556.845+,80,5.9e+06,B,3494.526,21447.86,5d2.(3F).6s,4F,7/2,5d2.(3F).6p,*,7/2,,T9460,L3475,
La,1,557.038,557.037+,16,4.80e+05,C+,0.000,17947.13,5d.6s2,2D,3/2,5d2.(3F).6p,4G*,5/2,,T9460,L3475,
La,1,558.834,558.833+,80,6.9e+06,B+,3494.526,21384.00,5d2.(3F).6s,4F,7/2,5d2.(3F).6p,4F*,9/2,,T9460,L3475,
La,1,563.122,563.122+,160,1.02e+07,B+,3010.002,20763.21,5d2.(3F).6s,4F,5/2,5d2.(3F).6p,4F*,7/2,,T9460,L3475,
La,1,563.203,563.202+,65,2.28e+07,B,7011.909,24762.60,5d2.(3F).6s,2F,5/2,5d2.(3P).6p?,2D*?,3/2,,T9460,L3475,
La,1,563.931,563.931+,40,1.23e+07,B,7490.521,25218.27,5d2.(3P).6s,4P,3/2,5d2.(3P).6p,*,5/2,,T9460,L3475,
La,1,564.825,564.824+,240,5.33e+07,B+,9919.821,27619.54,5d2.(1G).6s,2G,9/2,5d2.(1G).6p,2G*,9/2,,T9460,L3475,
La,1,565.482,565.487+,35b,5.7e+06,B,7231.407,24910.38,5d2.(3P).6s,4P,1/2,4f.5d.(1D*).6s?,*,3/2,,T9460,L3475,
La,1,565.654,565.659+,16,8.0e+06,C+,9719.439,27393.04,5d2.(3P).6s,2P,3/2,5d2.(1D).6p,*,5/2,,T9460,L3475,
La,1,565.772,565.772+,130,9.2e+06,B+,2668.188,20338.25,5d2.(3F).6s,4F,3/2,5d2.(3F).6p,4F*,5/2,,T9460,L3475,
La,2,567.155,567.153+,50,,,17825.62,35452.66,4f.5d,z 3H*,4,4f.(2F*<5/2>).6p<1/2>,"(5/2,1/2)",3,,,L3475,
La,1,569.619,569.618+,90,3.86e+06,B+,1053.164,18603.92,5d.6s2,2D,5/2,5d2.(3F).6p,4G*,7/2,,T9460,L3475,
La,1,569.939,569.937+,13,7.60e+05,C+,4121.572,21662.51,5d2.(3F).6s,4F,9/2,5d2.(3F).6p,2G*,7/2,,T9460,L3475,
La,2,570.333,570.331+,45,4.1e+05,C,5718.12,23246.93,5d2,a 3P,1,4f.5d,z 3P*,2,,T7455,L3475,
La,1,571.085,571.080+,10,,,9719.439,27225.26,5d2.(3P).6s,2P,3/2,5d2.(3P).6p,2P*,3/2,,,L3475,
La,2,571.240,571.239+,65,,,1394.46,18895.41,5d2,,2,4f.5d,z 1D*,2,,,L3475,
La,1,571.402,571.402+,40,6.3e+06,B,7011.909,24507.87&dagger;,5d2.(3F).6s,2F,5/2,4f.5d.(3F*).6s,4F*,5/2,,T9460,L3475,
La,1,571.455,571.453+,13,,,9960.904,27455.31,5d2.(1G).6s,2G,7/2,4f.5d.(3G*).6s,4G*,7/2,,,L3475,
La,1,572.002,572.001+,45,3.25e+06,B,3494.526,20972.17,5d2.(3F).6s,4F,7/2,5d2.(3F).6p,*,5/2,,T9460,L3475,
La,2,572.729,572.728+,26,,,5249.70,22705.15,5d2,a 3P,0,4f.5d,z 3P*,1,,,L3475,
La,1,573.495,573.494+,40,1.49e+07,C+,9960.904,27393.04,5d2.(1G).6s,2G,7/2,5d2.(1D).6p,*,5/2,,T9460,L3475,
La,1,574.066,574.065+,180,2.38e+07,B+,2668.188,20082.98,5d2.(3F).6s,4F,3/2,5d2.(3F).6p,4F*,3/2,,T9460,L3475,
La,1,574.294,574.294+,18,6.8e+06,B,7231.407,24639.26,5d2.(3P).6s,4P,1/2,5d2.(3P).6p,4S*,3/2,,T9460,L3475,
La,3,574.409,,1,,,,,,,,,,,,,L245,
La,1,574.441,574.440+,160,3.05e+07,B+,7679.939,25083.36,5d2.(3P).6s,4P,5/2,5d2.(3P).6p,4D*,7/2,,T9460,L3475,
La,1,576.184,576.182+,160,2.0e+07,B+,2668.188,20018.99,5d2.(3F).6s,4F,3/2,5d.6s.(1D).6p,*,3/2,,T9460,L3475,
La,2,576.907,576.906+,160,1.37e+07,C+,10094.86,27423.91,5d.6s,,2,5d.6p,*,1,,T7455,L3475,
La,1,576.934,576.932+,370*,3.11e+07,B+,3010.002,20338.25,5d2.(3F).6s,4F,5/2,5d2.(3F).6p,4F*,5/2,,T9460,L3475,
La,1,576.934,576.937+,370*,,,8052.162,25380.27,5d2.(3F).6s,2F,7/2,4f.5d.(3F*).6s,4F*,7/2,,,L3475,
La,1,576.999,576.998+,80,6.4e+06,C+,4121.572,21447.86,5d2.(3F).6s,4F,9/2,5d2.(3F).6p,*,7/2,,T9460,L3475,
La,3,577.814,,200,,,,,,,,,,,,,L245,
La,1,578.924,578.922+,320,3.1e+07,B+,3494.526,20763.21,5d2.(3F).6s,4F,7/2,5d2.(3F).6p,4F*,7/2,,T9460,L3475,
La,1,579.134,579.132+,450,3.93e+07,B+,4121.572,21384.00,5d2.(3F).6s,4F,9/2,5d2.(3F).6p,4F*,9/2,,T9460,L3475,
La,2,579.758,579.756+,220,9.6e+05,C+,1970.70,19214.54,5d2,a 3F,4,4f.5d,y 3F*,4,,T7455,L3475,
La,2,580.578,580.577+,160,7.8e+05,B,1016.10,18235.56,5d2,a 3F,3,4f.5d,y 3F*,3,,T7455,L3475,
La,1,580.806,580.808+,10,,,9919.821,27132.44,5d2.(1G).6s,2G,9/2,5d2.(1G).6p,2G*,7/2,,,L3475,
La,2,580.832,580.831+,50,,,0.00,17211.93,5d2,a 3F,2,4f.5d,y 3F*,2,,,L3475,
La,3,581.345,,2,,,,,,,,,,,,,L245,
La,1,582.199,582.198+,140,3.67e+07,B+,9960.904,27132.44,5d2.(1G).6s,2G,7/2,5d2.(1G).6p,2G*,7/2,,T9460,L3475,
La,1,582.383,582.382+,50,1.31e+07,B,8052.162,25218.27,5d2.(3F).6s,2F,7/2,5d2.(3P).6p,*,5/2,,T9460,L3475,
La,1,582.756,582.754+,24,8.2e+06,B,9183.797,26338.93,5d2.(1D).6s,2D,5/2,5d2.(3P).6p,4P*,5/2,,T9460,L3475,
La,1,582.972,582.972+,80,2.08e+07,B+,7490.521,24639.26,5d2.(3P).6s,4P,3/2,5d2.(3P).6p,4S*,3/2,,T9460,L3475,
La,1,583.979,583.978+,16,7.00e+05,C+,1053.164,18172.35,5d.6s2,2D,5/2,5d2.(3F).6p,2D*,3/2,,T9460,L3475,
La,1,584.503,584.503+,24,1.32e+06,C+,1053.164,18156.97,5d.6s2,2D,5/2,5d.6s.(3D).6p,4P*,5/2,,T9460,L3475,
La,1,584.838,584.842+,65,,,13260.38,30354.28,5d.6s.(3D).6p,4F*,3/2,5d.6s.(3D).7s,4D,5/2,,,L3475,
La,2,584.895,584.894+,13,,,21441.73,38534.11,4f.5d,z 3D*,1,4f.(2F*<5/2>).6p<3/2>,"(5/2,3/2)",1,,,L3475,
La,1,585.227,585.227+,35h,6.6e+06,C+,7679.939,24762.60,5d2.(3P).6s,4P,5/2,5d2.(3P).6p?,2D*?,3/2,,T9460,L3475,
La,1,585.558,585.559+,80,8.1e+06,B,3010.002,20082.98,5d2.(3F).6s,4F,5/2,5d2.(3F).6p,4F*,3/2,,T9460,L3475,
La,2,586.371,586.369+,80,1.19e+06,C+,7473.32,24522.70,5d2,a 1G,4,4f.5d,y 1F*,3,,T7455,L3475,
La,1,586.995,586.995+,16,1.66e+06,C+,8052.162,25083.36,5d2.(3F).6s,2F,7/2,5d2.(3P).6p,4D*,7/2,,T9460,L3475,
La,2,587.400,587.398+,21,,,6227.42,23246.93,5d2,a 3P,2,4f.5d,z 3P*,2,,,L3475,
La,1,587.473,587.473+,45,1.03e+07,C+,7490.521,24507.87&dagger;,5d2.(3P).6s,4P,3/2,4f.5d.(3F*).6s,4F*,5/2,,T9460,L3475,
La,3,587.563,,3,,,,,,,,,,,,,L245,
La,1,587.763,587.762+,21,1.74e+06,C+,3010.002,20018.99,5d2.(3F).6s,4F,5/2,5d.6s.(1D).6p,*,3/2,,T9460,L3475,
La,1,587.799,587.799+,16,1.15e+07,C+,8446.044,25453.95,5d2.(1D).6s,2D,3/2,5d.6s.(3D).6p,*,1/2,,T9460,L3475,
La,2,588.064,588.063+,65,5.7e+05,C,1895.15,18895.41,5d.6s,a 3D,1,4f.5d,z 1D*,2,,T7455,L3475,
La,3,588.862,,55,,,,,,,,,,,,,L245,
La,1,589.485,589.483+,65,2.23e+07,B+,7679.939,24639.26,5d2.(3P).6s,4P,5/2,5d2.(3P).6p,4S*,3/2,,T9460,L3475,
La,1,590.075,590.071+,10,,,7231.407,24173.83,5d2.(3P).6s,4P,1/2,4f.5d.(3F*).6s,4F*,3/2,,,L3475,
La,2,590.196,590.199+,16,,,22282.90,39221.65,4f.5d,z 3G*,5,4f.(2F*<7/2>).6p<3/2>,"(7/2,3/2)",4,,,L3475,
La,1,590.430,590.430+,16,3.1e+06,C+,8052.162,24984.29,5d2.(3F).6s,2F,7/2,5d2.(3P).6p?,*,5/2,,T9460,L3475,
La,1,591.763,591.763+,45,1.96e+06,B+,1053.164,17947.13,5d.6s2,2D,5/2,5d2.(3F).6p,4G*,5/2,,T9460,L3475,
La,2,592.771,592.771+,16,,,22537.30,39402.55,4f.5d,z 3D*,3,4f.(2F*<7/2>).6p<3/2>,"(7/2,3/2)",3,,,L3475,
La,1,592.849,592.849+,21,,,7011.909,23874.95,5d2.(3F).6s,2F,5/2,5d.6s.(3D).6p,*,5/2,,,L3475,
La,1,593.062,593.061+,320*,6.7e+06,B+,1053.164,17910.17,5d.6s2,2D,5/2,5d2.(3F).6p,*,7/2,,T9460,L3475,
La,1,593.068,593.068+,320*,5.17e+06,B+,0.000,16856.80,5d.6s2,2D,3/2,5d2.(3F).6p,*,5/2,,T9460,L3475,
La,3,593.271,,3,,,,,,,,,,,,,L245,
La,1,593.524,593.528+,65,5.9e+06,B+,3494.526,20338.25,5d2.(3F).6s,4F,7/2,5d2.(3F).6p,4F*,5/2,,T9460,L3475,
La,2,593.622,593.621+,50,,,1394.46,18235.56,5d2,,2,4f.5d,y 3F*,3,,,L3475,
La,1,594.083,594.086+,13,2.54e+06,C+,7679.939,24507.87&dagger;,5d2.(3P).6s,4P,5/2,4f.5d.(3F*).6s,4F*,5/2,,T9460,L3475,
La,2,594.830,594.829+,18h,,,20402.82,37209.71,4f.5d,z 3G*,3,4f.(2F*<5/2>).6p<3/2>,"(5/2,3/2)",3,,,L3475,
La,1,596.059,596.059+,26,4.6e+06,B,8446.044,25218.27,5d2.(1D).6s,2D,3/2,5d2.(3P).6p,*,5/2,,T9460,L3475,
La,1,596.260,596.261+,16,,,9183.797,25950.32,5d2.(1D).6s,2D,5/2,5d2.(3P).6p,*,3/2,,,L3475,
La,2,597.109,597.106+,13,,,10094.86,26837.66,5d.6s,,2,5d.6p,x 3F*,3,,,L3475,
La,2,597.353,597.355+,45,,,22282.90,39018.74,4f.5d,z 3G*,5,4f.(2F*<7/2>).6p<3/2>,"(7/2,3/2)",5,,,L3475,
La,1,597.575,597.572+,18h,2.74e+06,B,7679.939,24409.68,5d2.(3P).6s,4P,5/2,4f.5d.(1G*).6s,*,7/2,,T9460,L3475,
La,1,598.235,598.235+,26,1.18e+06,C+,2668.188,19379.40,5d2.(3F).6s,4F,3/2,5d2.(3F).6p,2D*,5/2,,T9460,L3475,
La,1,599.236,599.235+,16,3.6e+06,C,7490.521,24173.83,5d2.(3P).6s,4P,3/2,4f.5d.(3F*).6s,4F*,3/2,,T9460,L3475,
La,1,600.736,600.736+,65,3.5e+06,B,4121.572,20763.21,5d2.(3F).6s,4F,9/2,5d2.(3F).6p,4F*,7/2,,T9460,L3475,
La,3,601.711,,2,,,,,,,,,,,,,L245,
La,1,601.716,601.714+,16,,,13260.38,29874.97,5d.6s.(3D).6p,4F*,3/2,5d2.(3F).7s,,3/2,,,L3475,
La,1,603.859,603.859+,50,9.0e+06,B,7490.521,24046.10,5d2.(3P).6s,4P,3/2,5d2.(3P).6p,4D*,5/2,,T9460,L3475,
La,1,604.155,604.153+,13,,,14804.08,31351.60,5d.6s.(3D).6p,4F*,5/2,5d.6s.(3D).7s,,5/2,,,L3475,
La,3,605.584,,20,,,,,,,,,,,,,L245,
La,2,606.714,606.712+,13,,,6227.42,22705.15,5d2,a 3P,2,4f.5d,z 3P*,1,,,L3475,
La,1,606.868,606.871+,45,1.17e+07,B,7231.407,23704.81,5d2.(3P).6s,4P,1/2,5d2.(3P).6p,4D*,3/2,,T9460,L3475,
La,1,607.205,607.205+,13,,,8446.044,24910.38,5d2.(1D).6s,2D,3/2,4f.5d.(1D*).6s?,*,3/2,,,L3475,
La,1,608.489,608.485+,16h,,,16856.80,33286.50,5d2.(3F).6p,*,5/2,5d2.(3F).6d,4H,7/2,,,L3475,
La,2,610.038,610.037+,40,,,5718.12,22106.02,5d2,a 3P,1,4f.5d,z 3D*,2,,,L3475,
La,1,610.727,610.727+,16,7.90e+05,C+,3010.002,19379.40,5d2.(3F).6s,4F,5/2,5d2.(3F).6p,2D*,5/2,,T9460,L3475,
La,1,610.848,610.848+,80,1.36e+07,B+,7679.939,24046.10,5d2.(3P).6s,4P,5/2,5d2.(3P).6p,4D*,5/2,,T9460,L3475,
La,1,611.172,611.171+,45,7.4e+06,C+,8052.162,24409.68,5d2.(3F).6s,2F,7/2,4f.5d.(1G*).6s,*,7/2,,T9460,L3475,
La,3,611.925,,35,,,,,,,,,,,,,L245,
La,2,612.609,612.607+,80,,,10094.86,26414.01,5d.6s,,2,5d.6p,x 3F*,2,,,L3475,
La,1,612.705,612.705+,26,8.9e+06,C+,8446.044,24762.60,5d2.(1D).6s,2D,3/2,5d2.(3P).6p?,2D*?,3/2,,T9460,L3475,
La,2,612.956,612.956+,80,,,6227.42,22537.30,5d2,a 3P,2,4f.5d,z 3D*,3,,,L3475,
La,1,613.439,613.438+,50,2.3e+07,B+,7231.407,23528.45,5d2.(3P).6s,4P,1/2,5d2.(3P).6p,4D*,1/2,,T9460,L3475,
La,3,614.199,,120,,,,,,,,,,,,,L245,
La,1,614.530,614.531+,13,,,15019.51,31287.59,5d.6s.(3D).6p,4F*,7/2,5d.6s.(3D).7s,4D,7/2,,,L3475,
La,2,614.653,614.652+,18,,,1970.70,18235.56,5d2,a 3F,4,4f.5d,y 3F*,3,,,L3475,
La,1,616.570,616.569+,80,1.7e+07,B,7490.521,23704.81,5d2.(3P).6s,4P,3/2,5d2.(3P).6p,4D*,3/2,,T9460,L3475,
La,2,617.273,617.272+,35,,,1016.10,17211.93,5d2,a 3F,3,4f.5d,y 3F*,2,,,L3475,
La,2,618.809,618.808+,26,,,23246.93,39402.55,4f.5d,z 3P*,2,4f.(2F*<7/2>).6p<3/2>,"(7/2,3/2)",3,,,L3475,
La,2,620.351,620.350+,16,,,22106.02,38221.49,4f.5d,z 3D*,2,4f.(2F*<5/2>).6p<3/2>,"(5/2,3/2)",2,,,L3475,
La,1,621.820,621.821+,13,,,9919.821,25997.17,5d2.(1G).6s,2G,9/2,4f.5d.(3F*).6s,4F*,9/2,,,L3475,
La,3,622.000,,55,,,,,,,,,,,,,L245,
La,1,623.351,623.349+,35,7.3e+06,C+,7490.521,23528.45,5d2.(3P).6s,4P,3/2,5d2.(3P).6p,4D*,1/2,,T9460,L3475,
La,1,623.486,623.484+,35h,,,9183.797,25218.27,5d2.(1D).6s,2D,5/2,5d2.(3P).6p,*,5/2,,,L3475,
La,1,623.674,623.677+,13h,,,7231.407,23260.92,5d2.(3P).6s,4P,1/2,5d2.(3P).6p,2S*,1/2,,,L3475,
La,1,623.859,623.857+,18h,5.9e+06,C+,7679.939,23704.81,5d2.(3P).6s,4P,5/2,5d2.(3P).6p,4D*,3/2,,T9460,L3475,
La,1,624.993,624.991+,720,3.68e+07,B+,4121.572,20117.38,5d2.(3F).6s,4F,9/2,5d2.(3F).6p,4G*,11/2,,T9460,L3475,
La,2,626.230,626.229+,260u,1.14e+06,B,3250.35,19214.54,5d.6s,a 3D,3,4f.5d,y 3F*,4,,T7455,L3475,
La,1,626.602,626.601+,90,1.62e+07,B+,9919.821,25874.52,5d2.(1G).6s,2G,9/2,5d2.(1G).6p,*,11/2,,T9460,L3475,
La,2,627.376,627.376+,13,,,24522.70,40457.71,4f.5d,y 1F*,3,4f.(2F*<7/2>).6p<3/2>,"(7/2,3/2)",2,,,L3475,
La,1,628.774,628.774+,18,,,9183.797,25083.36,5d2.(1D).6s,2D,5/2,5d2.(3P).6p,4D*,7/2,,,L3475,
La,1,628.856,628.855+,16,8.0e+06,C+,9719.439,25616.95,5d2.(3P).6s,2P,3/2,5d2.(3P).6p,4P*,1/2,,T9460,L3475,
La,1,629.357,629.356+,65,4.6e+06,C+,3494.526,19379.40,5d2.(3F).6s,4F,7/2,5d2.(3F).6p,2D*,5/2,,T9460,L3475,
La,2,629.609,629.608+,180,,,10094.86,25973.37,5d.6s,,2,5d.6p,y 3D*,1,,,L3475,
La,2,630.546,630.545+,21,,,1970.70,17825.62,5d2,a 3F,4,4f.5d,z 3H*,4,,,L3475,
La,1,631.014,631.010+,16,,,17910.17,33753.41,5d2.(3F).6p,*,7/2,5d2.(3F).6d,4H,9/2,,,L3475,
La,2,631.092,631.091+,35,,,21331.60,37172.79,4f.5d,z 3G*,4,4f.(2F*<7/2>).6p<1/2>,"(7/2,1/2)",4,,,L3475,
La,1,631.826,631.825+,16,2.5e+06,C+,8052.162,23874.95,5d2.(3F).6s,2F,7/2,5d.6s.(3D).6p,*,5/2,,T9460,L3475,
La,2,632.039,632.038+,160,,,1394.46,17211.93,5d2,,2,4f.5d,y 3F*,2,,,L3475,
La,1,632.591,632.591+,110,4.36e+06,B+,1053.164,16856.80,5d.6s2,2D,5/2,5d2.(3F).6p,*,5/2,,T9460,L3475,
La,3,634.821,,60,,,,,,,,,,,,,L245,
La,2,635.813,635.810+,35,,,5718.12,21441.73,5d2,a 3P,1,4f.5d,z 3D*,1,,,L3475,
La,1,636.022,636.022+,35,1.11e+07,C+,9044.214,24762.60,5d2.(3P).6s,2P,1/2,5d2.(3P).6p?,2D*?,3/2,,T9460,L3475,
La,2,639.048,639.048+,170,9.0e+05,B,2591.60,18235.56,5d.6s,a 3D,2,4f.5d,y 3F*,3,,T7455,L3475,
La,1,639.423,639.423+,450,3.01e+07,B+,3494.526,19129.31,5d2.(3F).6s,4F,7/2,5d2.(3F).6p,4G*,9/2,,T9460,L3475,
La,2,639.905,639.903+,50,,,21331.60,36954.65,4f.5d,z 3G*,4,4f.(2F*<7/2>).6p<1/2>,"(7/2,1/2)",3,,,L3475,
La,1,641.099,641.098+,210,1.71e+07,B+,3010.002,18603.92,5d2.(3F).6s,4F,5/2,5d2.(3F).6p,4G*,7/2,,T9460,L3475,
La,2,644.661,644.664+,35,,,22282.90,37790.57,4f.5d,z 3G*,5,4f.(2F*<5/2>).6p<3/2>,"(5/2,3/2)",4,,,L3475,
La,1,644.811,644.810+,21,1.9e+06,C+,2668.188,18172.35,5d2.(3F).6s,4F,3/2,5d2.(3F).6p,2D*,3/2,,T9460,L3475,
La,1,645.034,645.032+,13,,,9719.439,25218.27,5d2.(3P).6s,2P,3/2,5d2.(3P).6p,*,5/2,,,L3475,
La,1,645.452,645.450+,90c,7.2e+06,B+,2668.188,18156.97,5d2.(3F).6s,4F,3/2,5d.6s.(3D).6p,4P*,5/2,,T9460,L3475,
La,1,645.599,645.598+,250,9.2e+06,B+,1053.164,16538.39,5d.6s2,2D,5/2,4f.6s2,2F*,7/2,,T9460,L3475,
La,1,646.844,646.842+,13h,6.0e+06,C,9183.797,24639.26,5d2.(1D).6s,2D,5/2,5d2.(3P).6p,4S*,3/2,,T9460,L3475,
La,1,648.555,648.553+,24h,3.3e+06,C+,8052.162,23466.84,5d2.(3F).6s,2F,7/2,4f.5d.(1G*).6s,2G*,9/2,,T9460,L3475,
La,2,649.819,649.816+,40,,,20402.82,35787.53,4f.5d,z 3G*,3,4f.(2F*<5/2>).6p<1/2>,"(5/2,1/2)",2,,,L3475,
La,2,652.699,652.698+,110,,,1895.15,17211.93,5d.6s,a 3D,1,4f.5d,y 3F*,2,,,L3475,
La,2,652.973,652.963+,10h,,,7394.57,22705.15,6s2,a 1S,0,4f.5d,z 3P*,1,,,L3475,
La,1,654.316,654.315+,130,1.18e+07,B+,2668.188,17947.13,5d2.(3F).6s,4F,3/2,5d2.(3F).6p,4G*,5/2,,T9460,L3475,
La,1,656.544,656.543+,26,,,1053.164,16280.26,5d.6s2,2D,5/2,6s2.6p,*,3/2,,,L3475,
La,2,657.096,657.094+,8,,,6227.42,21441.73,5d2,a 3P,2,4f.5d,z 3D*,1,,,L3475,
La,1,657.851,657.850+,140,6.4e+06,B+,0.000,15196.83,5d.6s2,2D,3/2,4f.6s2,2F*,5/2,,T9460,L3475,
La,1,658.219,658.220+,10,,,16099.29,31287.59,5d.6s.(3D).6p,4D*,7/2,5d.6s.(3D).7s,4D,7/2,,,L3475,
La,1,659.346,659.346+,45,4.30e+06,B+,3010.002,18172.35,5d2.(3F).6s,4F,5/2,5d2.(3F).6p,2D*,3/2,,T9460,L3475,
La,1,660.017,660.016+,35,2.45e+06,B,3010.002,18156.97,5d2.(3F).6s,4F,5/2,5d.6s.(3D).6p,4P*,5/2,,T9460,L3475,
La,1,660.826,660.824+,45,,,9960.904,25089.35,5d2.(1G).6s,2G,7/2,4f.5d.(3H*).6s,*,9/2,,,L3475,
La,1,661.659,661.657+,50,3.47e+06,B+,3494.526,18603.92,5d2.(3F).6s,4F,7/2,5d2.(3F).6p,4G*,7/2,,T9460,L3475,
La,2,663.653,663.652+,10,,,7473.32,22537.30,5d2,a 1G,4,4f.5d,z 3D*,3,,,L3475,
La,2,664.279,664.275+,26,,,20402.82,35452.66,4f.5d,z 3G*,3,4f.(2F*<5/2>).6p<1/2>,"(5/2,1/2)",3,,,L3475,
La,1,664.441,664.439+,35,,,1053.164,16099.29,5d.6s2,2D,5/2,5d.6s.(3D).6p,4D*,7/2,,,L3475,
La,1,664.516,664.515+,18,,,16243.17,31287.59,5d.6s.(3D).6p,4F*,9/2,5d.6s.(3D).7s,4D,7/2,,,L3475,
La,1,665.081,665.080+,70,3.27e+06,B+,0.000,15031.64,5d.6s2,2D,3/2,5d.6s.(3D).6p,*,3/2,,T9460,L3475,
La,1,666.140,666.139+,80,3.9e+06,C+,4121.572,19129.31,5d2.(3F).6s,4F,9/2,5d2.(3F).6p,4G*,9/2,,T9460,L3475,
La,2,667.140,667.140+,35c,,,3250.35,18235.56,5d.6s,a 3D,3,4f.5d,y 3F*,3,,,L3475,
La,1,669.287,669.288+,40,1.97e+06,B,3010.002,17947.13,5d2.(3F).6s,4F,5/2,5d2.(3F).6p,4G*,5/2,,T9460,L3475,
La,1,670.950,670.948+,180,1.09e+07,B+,3010.002,17910.17,5d2.(3F).6s,4F,5/2,5d2.(3F).6p,*,7/2,,T9460,L3475,
La,2,671.409,671.411+,19,,,22282.90,37172.79,4f.5d,z 3G*,5,4f.(2F*<7/2>).6p<1/2>,"(7/2,1/2)",4,,,L3475,
La,2,671.868,671.864+,7,,,24522.70,39402.55,4f.5d,y 1F*,3,4f.(2F*<7/2>).6p<3/2>,"(7/2,3/2)",3,,,L3475,
La,2,673.278,673.277+,7,,,22106.02,36954.65,4f.5d,z 3D*,2,4f.(2F*<7/2>).6p<1/2>,"(7/2,1/2)",3,,,L3475,
La,1,674.813,674.811+,35,,,8446.044,23260.92,5d2.(1D).6s,2D,3/2,5d2.(3P).6p,2S*,1/2,,,L3475,
La,1,675.304,675.303+,60,,,0.000,14804.08,5d.6s2,2D,3/2,5d.6s.(3D).6p,4F*,5/2,,,L3475,
La,2,677.426,677.427+,120,,,1016.10,15773.77,5d2,a 3F,3,4f.(2F*<7/2>).6s<1/2>,"(7/2,1/2)*",3,,,L3475,
La,1,679.673,679.672+,7,,,0.000,14708.92,5d.6s2,2D,3/2,5d.6s.(3D).6p,4D*,3/2,,,L3475,
La,2,680.886,680.889+,29h,,,1016.10,15698.74,5d2,a 3F,3,4f.(2F*<7/2>).6s<1/2>,"(7/2,1/2)*",4,,,L3475,
La,2,681.366,681.363+,14,,,22537.30,37209.71,4f.5d,z 3D*,3,4f.(2F*<5/2>).6p<3/2>,"(5/2,3/2)",3,,,L3475,
La,1,682.378,682.378+,45,5.9e+06,B+,7011.909,21662.51,5d2.(3F).6s,2F,5/2,5d2.(3F).6p,2G*,7/2,,T9460,L3475,
La,2,683.405,683.410+,35,,,1970.70,16599.17,5d2,a 3F,4,4f.5d,z 1G*,4,,,L3475,
La,2,683.790,683.790+,23,,,2591.60,17211.93,5d.6s,a 3D,2,4f.5d,y 3F*,2,,,L3475,
La,2,685.903,685.904+,8h,,,3250.35,17825.62,5d.6s,a 3D,3,4f.5d,z 3H*,4,,,L3475,
La,1,691.724,691.726+,21,9.30e+05,B+,3494.526,17947.13,5d2.(3F).6s,4F,7/2,5d2.(3F).6p,4G*,5/2,,T9460,L3475,
La,1,691.830,691.828+,12,,,1053.164,15503.64,5d.6s2,2D,5/2,5d.6s.(3D).6p,4D*,5/2,,,L3475,
La,1,692.524,692.524+,70,8.7e+06,B+,7011.909,21447.86,5d2.(3F).6s,2F,5/2,5d2.(3F).6p,*,7/2,,T9460,L3475,
La,1,693.501,693.500+,45,2.14e+06,B,3494.526,17910.17,5d2.(3F).6s,4F,7/2,5d2.(3F).6p,*,7/2,,T9460,L3475,
La,2,695.251,695.252+,8h,,,1394.46,15773.77,5d2,,2,4f.(2F*<7/2>).6s<1/2>,"(7/2,1/2)*",3,,,L3475,
La,2,695.452,695.452+,21h,,,0.00,14375.17,5d2,a 3F,2,4f.(2F*<5/2>).6s<1/2>,"(5/2,1/2)*",3,,,L3475,
La,2,695.810,695.809+,35,,,10094.86,24462.66,5d.6s,,2,5d.6p,y 1D*,2,,,L3475,
La,1,702.367,702.369+,75,1.07e+07,B+,8052.162,22285.77,5d2.(3F).6s,2F,7/2,5d2.(3F).6p,2G*,9/2,,T9460,L3475,
La,1,703.205,703.204+,26,,,9044.214,23260.92,5d2.(3P).6s,2P,1/2,5d2.(3P).6p,2S*,1/2,,,L3475,
La,1,704.596,704.596+,110,7.5e+06,B+,2668.188,16856.80,5d2.(3F).6s,4F,3/2,5d2.(3F).6p,*,5/2,,T9460,L3475,
La,2,706.623,706.620+,160,,,0.00,14147.98,5d2,a 3F,2,4f.(2F*<5/2>).6s<1/2>,"(5/2,1/2)*",2,,,L3475,
La,1,706.837,706.835+,65,2.77e+06,B+,1053.164,15196.83,5d.6s2,2D,5/2,4f.6s2,2F*,5/2,,T9460,L3475,
La,1,707.638,707.637+,13,,,9960.904,24088.54,5d2.(1G).6s,2G,7/2,4f.5d.(3H*).6s,4H*,7/2,,,L3475,
La,2,711.68,711.691+,10h,,,7394.57,21441.73,6s2,a 1S,0,4f.5d,z 3D*,1,,,L3475,
La,1,714.977,714.979+,10,,,7679.939,21662.51,5d2.(3P).6s,4P,5/2,5d2.(3F).6p,2G*,7/2,,,L3475,
La,1,715.808,715.810+,40h,,,1053.164,15019.51,5d.6s2,2D,5/2,5d.6s.(3D).6p,4F*,7/2,,,L3475,
La,1,716.125,716.122+,50,1.22e+07,B,7011.909,20972.17,5d2.(3F).6s,2F,5/2,5d2.(3F).6p,*,5/2,,T9460,L3475,
La,1,721.991,721.990+,21,1.22e+06,B,3010.002,16856.80,5d2.(3F).6s,4F,5/2,5d2.(3F).6p,*,5/2,,T9460,L3475,
La,1,727.009,727.004+,26,2.8e+06,C+,7011.909,20763.21,5d2.(3F).6s,2F,5/2,5d2.(3F).6p,4F*,7/2,,T9460,L3475,
La,1,727.030,727.024+,10,,,1053.164,14804.08,5d.6s2,2D,5/2,5d.6s.(3D).6p,4F*,5/2,,,L3475,
La,2,728.234,728.235+,110cw,,,1970.70,15698.74,5d2,a 3F,4,4f.(2F*<7/2>).6s<1/2>,"(7/2,1/2)*",4,,,L3475,
La,1,732.091,732.090+,10,,,1053.164,14708.92,5d.6s2,2D,5/2,5d.6s.(3D).6p,4D*,3/2,,,L3475,
La,1,733.418,733.418+,110cw,,,0.000,13631.04,5d.6s2,2D,3/2,5d.6s.(3D).6p,*,5/2,,,L3475,
La,1,734.534,734.533+,65,1.03e+07,B+,8052.162,21662.51,5d2.(3F).6s,2F,7/2,5d2.(3F).6p,2G*,7/2,,T9460,L3475,
La,1,737.971,737.966+,50bl,8.6e+06,B,9919.821,23466.84,5d2.(1G).6s,2G,9/2,4f.5d.(1G*).6s,2G*,9/2,,T9460,L3475,
La,1,738.273,738.268+,35,,,9719.439,23260.92,5d2.(3P).6s,2P,3/2,5d2.(3P).6p,2S*,1/2,,,L3475,
La,1,746.308,746.303+,50h,4.7e+06,C+,8052.162,21447.86,5d2.(3F).6s,2F,7/2,5d2.(3F).6p,*,7/2,,T9460,L3475,
La,2,748.350,748.349+,75cw,,,1016.10,14375.17,5d2,a 3F,3,4f.(2F*<5/2>).6s<1/2>,"(5/2,1/2)*",3,,,L3475,
La,1,749.883,749.878+,50,2.47e+06,C+,8052.162,21384.00,5d2.(3F).6s,2F,7/2,5d2.(3F).6p,4F*,9/2,,T9460,L3475,
La,1,753.359,753.357+,30,,,3010.002,16280.26,5d2.(3F).6s,4F,5/2,6s2.6p,*,3/2,,,L3475,
La,1,753.923,753.919+,85*,,,0.000,13260.38,5d.6s2,2D,3/2,5d.6s.(3D).6p,4F*,3/2,,,L3475,
La,1,753.923,753.929+,85*,,,9960.904,23221.10,5d2.(1G).6s,2G,7/2,5d.6s.(3D).6p,*,7/2,,,L3475,
La,2,761.294,761.296+,19h,,,1016.10,14147.98,5d2,a 3F,3,4f.(2F*<5/2>).6s<1/2>,"(5/2,1/2)*",2,,,L3475,
La,1,766.434,766.433+,21,1.04e+06,C+,3494.526,16538.39,5d2.(3F).6s,4F,7/2,4f.6s2,2F*,7/2,,T9460,L3475,
La,1,784.180,784.181+,15h,,,3494.526,16243.17,5d2.(3F).6s,4F,7/2,5d.6s.(3D).6p,4F*,9/2,,,L3475,
La,1,796.483,796.486+,40,,,2668.188,15219.89,5d2.(3F).6s,4F,3/2,5d.6s.(3D).6p,*,1/2,,,L3475,
La,1,800.189,800.187+,35h,,,3010.002,15503.64,5d2.(3F).6s,4F,5/2,5d.6s.(3D).6p,4D*,5/2,,,L3475,
La,1,805.139,805.138+,35hc,1.47e+06,B,4121.572,16538.39,5d2.(3F).6s,4F,9/2,4f.6s2,2F*,7/2,,T9460,L3475,
La,1,808.605,808.613+,75,2.05e+06,B+,2668.188,15031.64,5d2.(3F).6s,4F,3/2,5d.6s.(3D).6p,*,3/2,,T9460,L3475,
La,3,811.442,,3,,,,,,,,,,,,,L245,
La,3,813.596,,2,,,,,,,,,,,,,L245,
La,1,820.338,820.333+,7h,1.150e+05,C,3010.002,15196.83,5d2.(3F).6s,4F,5/2,4f.6s2,2F*,5/2,,T9460,L3475,
La,1,824.744,824.747+,50,,,4121.572,16243.17,5d2.(3F).6s,4F,9/2,5d.6s.(3D).6p,4F*,9/2,,,L3475,
La,3,825.260,,250,,,,,,,,,,,,,L245,
La,3,827.539,,100,,,,,,,,,,,,,L245,
La,3,828.775,,200,,,,,,,,,,,,,L245,
La,1,831.604,831.605+,13h,8.60e+05,C+,3010.002,15031.64,5d2.(3F).6s,4F,5/2,5d.6s.(3D).6p,*,3/2,,T9460,L3475,
La,3,832.111,,250,,,,,,,,,,,,,L245,
La,1,832.469,832.472+,85,,,3494.526,15503.64,5d2.(3F).6s,4F,7/2,5d.6s.(3D).6p,4D*,5/2,,,L3475,
La,1,834.653,834.654+,95,,,4121.572,16099.29,5d2.(3F).6s,4F,9/2,5d.6s.(3D).6p,4D*,7/2,,,L3475,
La,1,837.980,837.966+,8h*,,,19129.31,31059.69,5d2.(3F).6p,4G*,9/2,5d2.(3F).7s,4F,7/2,,,L3475,
La,1,837.980,837.970+,8h*,,,24910.38,36840.70,4f.5d.(1D*).6s?,*,3/2,,,1/2,,,L3475,
La,1,846.762,846.753+,8h,,,20117.38,31923.96,5d2.(3F).6p,4G*,11/2,5d2.(3F).7s,4F,9/2,,,L3475,
La,1,847.648,847.650+,26,,,3010.002,14804.08,5d2.(3F).6s,4F,5/2,5d.6s.(3D).6p,4F*,5/2,,,L3475,
La,1,850.737,850.736+,13h,3.6e+06,C,8446.044,20197.34,5d2.(1D).6s,2D,3/2,5d.6s.(1D).6p,*,1/2,,T9460,L3475,
La,1,851.357,851.360+,13h,,,9919.821,21662.51,5d2.(1G).6s,2G,9/2,5d2.(3F).6p,2G*,7/2,,,L3475,
La,2,851.465,851.466+,8h,,,7473.32,19214.54,5d2,a 1G,4,4f.5d,y 3F*,4,,,L3475,
La,1,854.346,854.343+,17c*,,,18603.92,30305.61,5d2.(3F).6p,4G*,7/2,4f.6s.(1F*).6p,2F,5/2,,,L3475,
La,1,854.346,854.349+,17c*,3.4e+06,C+,9960.904,21662.51,5d2.(1G).6s,2G,7/2,5d2.(3F).6p,2G*,7/2,,T9460,L3475,
La,1,854.544,854.545+,65,,,3010.002,14708.92,5d2.(3F).6s,4F,5/2,5d.6s.(3D).6p,4D*,3/2,,,L3475,
La,3,858.345,,300,,,,,,,,,,,,,L245,
La,1,859.094,859.097+,9h,,,8446.044,20082.98,5d2.(1D).6s,2D,3/2,5d2.(3F).6p,4F*,3/2,,,L3475,
La,1,862.422,862.426+,7h,3.40e+05,C,7011.909,18603.92,5d2.(3F).6s,2F,5/2,5d2.(3F).6p,4G*,7/2,,T9460,L3475,
La,1,863.847,863.847+,15,1.36e+06,C+,8446.044,20018.99,5d2.(1D).6s,2D,3/2,5d.6s.(1D).6p,*,3/2,,T9460,L3475,
La,1,867.211,867.212+,19hw,3.5e+06,C+,9919.821,21447.86,5d2.(1G).6s,2G,9/2,5d2.(3F).6p,*,7/2,,T9460,L3475,
La,1,867.443,867.442+,40,,,3494.526,15019.51,5d2.(3F).6s,4F,7/2,5d.6s.(3D).6p,4F*,7/2,,,L3475,
La,1,872.041,872.043+,13h,1.67e+06,C+,9919.821,21384.00,5d2.(1G).6s,2G,9/2,5d2.(3F).6p,4F*,9/2,,T9460,L3475,
La,1,874.838,874.842+,35,,,2668.188,14095.69,5d2.(3F).6s,4F,3/2,5d.6s.(3D).6p,4D*,1/2,,,L3475,
La,1,881.893,881.897+,19,,,13747.276,25083.36,5d3,4F,9/2,5d2.(3P).6p,4D*,7/2,,,L3475,
La,1,882.582,882.585+,35,3.9e+06,C+,8052.162,19379.40,5d2.(3F).6s,2F,7/2,5d2.(3F).6p,2D*,5/2,,T9460,L3475,
La,1,883.963,883.965+,21,,,3494.526,14804.08,5d2.(3F).6s,4F,7/2,5d.6s.(3D).6p,4F*,5/2,,,L3475,
La,3,918.438,,120,,,,,,,,,,,,,L245,
La,3,921.263,,100,,,,,,,,,,,,,L245,
La,3,992.399,,80,,,,,,,,,,,,,L245,
La,3,1028.479,,140,,,,,,,,,,,,,L245,
La,3,1037.034,,20,,,,,,,,,,,,,L245,
La,3,1093.790,,12,,,,,,,,,,,,,L245,

