element,sp_num,obs_wl_vac(nm),unc_obs_wl,ritz_wl_vac(nm),unc_ritz_wl,intens,Aki(s^-1),Acc,Ei(cm-1),Ek(cm-1),conf_i,term_i,J_i,conf_k,term_k,J_k,Type,tp_ref,line_ref,
Sn,5,35.514,0.010,,,120,,,,,,,,,,,,,L4099,
Sn,5,36.101,0.010,,,150,,,,,,,,,,,,,L4099,
Sn,5,37.255,0.010,,,100,,,,,,,,,,,,,L4099,
Sn,3,51.0066,0.0005,51.00647,0.00007,20,,,0.00,196053.57,4d10.5s2,1S,0,4d10.5s.7p,1P*,1,,,L18161,
Sn,3,51.1836,0.0005,51.18362,0.00009,12,,,0.00,195375.0,4d10.5s2,1S,0,4d10.5s.7p,3P*,1,,,L18161,
Sn,3,60.255,0.004,60.2547,0.0004,858,,,53548.27,219510.3,4d10.5s.5p,3P*,0,4d10.5s.9s,3S,1,,,L17864,
Sn,4,60.523,0.010,,,50,,,,,,,,,,,,,u14,
Sn,3,60.702,0.004,60.702,0.004,863,,,55196.47,219937?,4d10.5s.5p,3P*,1,4d10.5s.8d,3D,2,,,L17864,
Sn,3,60.859,0.004,60.8591,0.0004,841,,,55196.47,219510.3,4d10.5s.5p,3P*,1,4d10.5s.9s,3S,1,,,L17864,
Sn,3,61.4528,0.0005,61.45277,0.00021,180,,,0.00,162726.6,4d10.5s2,1S,0,4d10.5s.6p,1P*,1,,,L18161,
Sn,4,61.904,0.010,,,50,,,,,,,,,,,,,u14,
Sn,3,62.204,0.004,62.2040,0.0005,848,,,59228.13,219989.4,4d10.5s.5p,3P*,2,4d10.5s.8d,3D,3,,,L17864,
Sn,3,62.390,0.004,62.3900,0.0004,763,,,59228.13,219510.3,4d10.5s.5p,3P*,2,4d10.5s.9s,3S,1,,,L17864,
Sn,3,62.4154,0.0005,62.41543,0.00016,120,,,0.00,160216.8,4d10.5s2,1S,0,4d10.5s.6p,3P*,1,,,L18161,
Sn,4,62.873,0.010,,,50,,,,,,,,,,,,,u14,
Sn,3,64.4721,0.0005,64.4721,0.0007,20,,,53548.27,208654.1,4d10.5s.5p,3P*,0,4d10.5s.7d,3D,1,,,L18161,
Sn,3,64.7607,0.0005,64.7609,0.0004,15,,,53548.27,207962.5,4d10.5s.5p,3P*,0,4d10.5s.8s,3S,1,,,L18161,
Sn,3,65.1438,0.0005,65.14385,0.00022,40,,,55196.47,208702.9,4d10.5s.5p,3P*,1,4d10.5s.7d,3D,2,,,L18161,
Sn,3,65.4595,0.0005,65.4596,0.0004,45,,,55196.47,207962.5,4d10.5s.5p,3P*,1,4d10.5s.8s,3S,1,,,L18161,
Sn,3,66.8667,0.0005,66.8667,0.0003,60,,,59228.13,208779.4,4d10.5s.5p,3P*,2,4d10.5s.7d,3D,3,,,L18161,
Sn,3,67.2341,0.0005,67.2340,0.0004,70,,,59228.13,207962.5,4d10.5s.5p,3P*,2,4d10.5s.8s,3S,1,,,L18161,
Sn,3,71.300,0.004,71.300,0.004,819,,,79911.60,220164?,4d10.5s.5p,1P*,1,4d10.5s.8d,1D,2,,,L17864,
Sn,3,71.474,0.004,71.474,0.004,881,,,79911.60,219822?,4d10.5s.5p,1P*,1,4d10.5s.9s,1S,0,,,L17864,
Sn,3,74.3525,0.0005,74.3526,0.0003,10,,,55196.47,189690.7,4d10.5s.5p,3P*,1,4d10.5s.6d,1D,2,,,L18161,
Sn,3,74.4213,0.0005,74.4212,0.0003,130w,,,53548.27,187918.5,4d10.5s.5p,3P*,0,4d10.5s.6d,3D,1,,,L18161,
Sn,3,75.1167,0.0005,75.1169,0.0003,80,,,53548.27,186674.1,4d10.5s.5p,3P*,0,4d10.5s.7s,3S,1,,,L18161,
Sn,3,75.2985,0.0005,75.2987,0.0003,150w,,,55196.47,188000.8,4d10.5s.5p,3P*,1,4d10.5s.6d,3D,2,,,L18161,
Sn,3,75.3455,0.0005,75.3454,0.0003,110,,,55196.47,187918.5,4d10.5s.5p,3P*,1,4d10.5s.6d,3D,1,,,L18161,
Sn,3,76.0585,0.0005,76.0586,0.0004,150w,,,55196.47,186674.1,4d10.5s.5p,3P*,1,4d10.5s.7s,3S,1,,,L18161,
Sn,3,77.3094,0.0005,77.3094,0.0010,75,,,79911.60,209261.9,4d10.5s.5p,1P*,1,4d10.5s.7d,1D,2,,,L18161,
Sn,3,77.5760,0.0005,77.5760,0.0005,180w,,,59228.13,188134.0,4d10.5s.5p,3P*,2,4d10.5s.6d,3D,3,,,L18161,
Sn,3,77.6564,0.0005,77.6562,0.0003,85,,,59228.13,188000.8,4d10.5s.5p,3P*,2,4d10.5s.6d,3D,2,,,L18161,
Sn,3,77.7058,0.0005,77.7059,0.0003,15,,,59228.13,187918.5,4d10.5s.5p,3P*,2,4d10.5s.6d,3D,1,,,L18161,
Sn,3,77.7401,0.0005,77.7401,0.0007,45,,,79911.60,208545.3,4d10.5s.5p,1P*,1,4d10.5s.8s,1S,0,,,L18161,
Sn,3,78.4648,0.0005,78.4646,0.0004,180w,,,59228.13,186674.1,4d10.5s.5p,3P*,2,4d10.5s.7s,3S,1,,,L18161,
Sn,2,88.8313,0.0019,88.8304,0.0004,1400,,,0.00,112574.1,5s2.5p,2P*,1/2,5s2.11d,2D,3/2,,,L17864,
Sn,2,89.9884,0.0019,89.9907,0.0010,3400,,,0.00,111122.6,5s2.5p,2P*,1/2,5s2.10d,2D,3/2,,,L17864,
Sn,4,90.822,0.010,,,50,,,,,,,,,,,,,u14,
Sn,3,91.0922,0.0005,91.0920,0.0004,150w,,,79911.60,189690.7,4d10.5s.5p,1P*,1,4d10.5s.6d,1D,2,,,L18161,
Sn,2,91.7378,0.0006,91.7380,0.0004,7300,9.e+07,E,0.00,109006.1,5s2.5p,2P*,1/2,5s2.9d,2D,3/2,,T9352,L18891,
Sn,2,92.2856,0.0019,92.2870,0.0003,3500,2.4e+07,E,0.00,108357.6,5s2.5p,2P*,1/2,5s2.10s,2S,1/2,,T9352,L17864,
Sn,2,92.301,0.004,92.2974,0.0010,3700,,,4251.494,112596.9,5s2.5p,2P*,3/2,5s2.11d,2D,5/2,,,L3368,
Sn,3,92.5216,0.0005,92.5217,0.0005,100,,,79911.60,187994.4,4d10.5s.5p,1P*,1,4d10.5s.7s,1S,0,,,L18161,
Sn,2,93.5571,0.0019,93.5525,0.0010,5800,,,4251.494,111143.3,5s2.5p,2P*,3/2,5s2.10d,2D,5/2,,,L17864,
Sn,3,93.668,0.004,93.6658,0.0005,811,,,79911.60,186674.1,4d10.5s.5p,1P*,1,4d10.5s.7s,3S,1,,,L17864,
Sn,2,94.5802,0.0006,94.5794,0.0003,14000,1.5e+08,E,0.00,105731.3,5s2.5p,2P*,1/2,5s2.8d,2D,3/2,,T9352,L18891,
Sn,2,95.4440,0.0006,95.44332,0.00014,12000,9.e+07,E,4251.494,109025.72,5s2.5p,2P*,3/2,5s2.9d,2D,5/2,,T9352,L18891,
Sn,2,95.4614,0.0006,95.4612,0.0004,6200,1.8e+07,E,4251.494,109006.1,5s2.5p,2P*,3/2,5s2.9d,2D,3/2,,T9352,L18891,
Sn,2,95.5299,0.0006,95.53068,0.00010,6900,3.9e+07,E,0.00,104678.41,5s2.5p,2P*,1/2,5s2.9s,2S,1/2,,T9352,L18891,
Sn,4,95.625,0.010,,,500,,,,,,,,,,,,,u14,
Sn,2,96.0545,0.0019,96.0558,0.0004,2400,4.e+07,E,4251.494,108357.6,5s2.5p,2P*,3/2,5s2.10s,2S,1/2,,T9352,L17864,
Sn,2,98.5110,0.0006,98.51117,0.00023,18000,1.6e+08,E,4251.494,105762.82,5s2.5p,2P*,3/2,5s2.8d,2D,5/2,,T9352,L18891,
Sn,2,98.5411,0.0019,98.5418,0.0003,10000,3.0e+07,E,4251.494,105731.3,5s2.5p,2P*,3/2,5s2.8d,2D,3/2,,T9352,L17864,
Sn,2,99.5742,0.0006,99.57490,0.00010,8600,7.e+07,E,4251.494,104678.41,5s2.5p,2P*,3/2,5s2.9s,2S,1/2,,T9352,L18891,
Sn,2,99.7168,0.0006,99.71669,0.00005,19000,2.8e+08,D+,0.00,100284.111,5s2.5p,2P*,1/2,5s2.7d,2D,3/2,,T9352,L18891,
Sn,3,101.0033,0.0005,101.0031,0.0003,75,,,55196.47,154203.36,4d10.5s.5p,3P*,1,4d10.5p2,1S,0,,,L18161,
Sn,3,101.0929,0.0005,101.09276,0.00013,150w,,,55196.47,154115.52,4d10.5s.5p,3P*,1,4d10.5s.5d,1D,2,,,L18161,
Sn,2,101.6238,0.0006,101.62353,0.00005,16000,7.e+07,E,0.00,98402.412,5s2.5p,2P*,1/2,5s2.8s,2S,1/2,,T9352,L18891,
Sn,4,101.972,0.010,,,500,,,,,,,,,,,,,u14,
Sn,2,104.0720,0.0006,104.071860,0.000019,24000,3.0e+08,D+,4251.494,100338.947,5s2.5p,2P*,3/2,5s2.7d,2D,5/2,,T9352,L18891,
Sn,2,104.1313,0.0006,104.131287,0.000020,16000,6.e+07,E,4251.494,100284.111,5s2.5p,2P*,3/2,5s2.7d,2D,3/2,,T9352,L18891,
Sn,4,104.449,0.010,,,1000,,,,,,,,,,,,,u14,
Sn,3,105.3885,0.0005,105.38808,0.00016,130w,,,59228.13,154115.52,4d10.5s.5p,3P*,2,4d10.5s.5d,1D,2,,,L18161,
Sn,4,105.837,0.010,,,100,,,,,,,,,,,,,u14,
Sn,4,105.859,0.010,,,50,,,,,,,,,,,,,u14,
Sn,2,106.2123,0.0007,106.212453,0.000017,25000,1.3e+08,E,4251.494,98402.412,5s2.5p,2P*,3/2,5s2.8s,2S,1/2,,T9352,L18891,
Sn,4,107.341,0.010,,,1000,,,,,,,,,,,,,u14,
Sn,4,108.750,0.010,,,200,,,,,,,,,,,,,u14,
Sn,5,108.935,0.010,,,200,,,,,,,,,,,,,L4099,
Sn,4,109.692,0.010,,,300,,,,,,,,,,,,,u14,
Sn,4,110.324,0.010,,,50,,,,,,,,,,,,,u14,
Sn,2,110.8138,0.0010,110.81369,0.00006,43000,4.7e+08,B+,0.00,90241.554,5s2.5p,2P*,1/2,5s2.6d,2D,3/2,,T8718,L18891,
Sn,3,111.8379,0.0005,111.83788,0.00018,30,,,128205.90,217621.04,4d10.5p2,1D,2,4d10.5p.5d,3P*,2,,,L18161,
Sn,4,111.934,0.010,,,1000,,,,,,,,,,,,,u14,
Sn,4,112.068,0.010,,,200,,,,,,,,,,,,,u14,
Sn,3,112.2877,0.0005,112.28801,0.00021,15,,,128205.90,217262.60,4d10.5p2,1D,2,4d10.5s.6f,3F*,3,,,L18161,
Sn,3,112.9336,0.0005,112.93384,0.00018,5,,,128205.90,216753.32,4d10.5p2,1D,2,4d10.5p.5d,3P*,1,,,L18161,
Sn,3,113.1279,0.0005,113.12806,0.00020,75,,,55196.47,143591.87,4d10.5s.5p,3P*,1,4d10.5s.6s,1S,0,,,L18161,
Sn,3,113.2321,0.0005,113.23224,0.00018,20,,,128205.90,216519.97,4d10.5p2,1D,2,4d10.5s.6f,1F*,3,,,L18161,
Sn,5,113.279,0.010,,,100,,,,,,,,,,,,,L4099,
Sn,3,113.9300,0.0005,113.9300,0.0003,320w,,,53548.27,141321.43,4d10.5s.5p,3P*,0,4d10.5s.5d,3D,1,,,L18161,
Sn,3,114.0861,0.0005,114.08651,0.00020,76,,,128205.90,215858.68,4d10.5p2,1D,2,4d10.5p.6s,3P*,2,,,L18161,
Sn,3,114.1896,0.0005,114.18981,0.00018,94,,,128205.90,215779.39,4d10.5p2,1D,2,4d10.5p.5d,3D*,3,,,L18161,
Sn,3,114.2846,0.0005,114.28501,0.00020,60,,,130120.50,217621.04,4d10.5p2,3P,1,4d10.5p.5d,3P*,2,,,L18161,
Sn,3,114.3382,0.0005,114.3386,0.0003,72,,,130120.50,217580.02,4d10.5p2,3P,1,4d10.5p.5d,3P*,0,,,L18161,
Sn,3,115.4298,0.0005,115.42970,0.00020,82,,,130120.50,216753.32,4d10.5p2,3P,1,4d10.5p.5d,3P*,1,,,L18161,
Sn,3,115.8347,0.0005,115.83490,0.00016,370w,,,55196.47,141526.24,4d10.5s.5p,3P*,1,4d10.5s.5d,3D,2,,,L18161,
Sn,2,115.9014,0.0010,115.90129,0.00005,53000,1.01e+08,C+,0.00,86280.318,5s2.5p,2P*,1/2,5s2.7s,2S,1/2,,T8718,L18891,
Sn,5,116.074,0.010,,,200,,,,,,,,,,,,,L4099,
Sn,3,116.1100,0.0005,116.11036,0.00016,300w,,,55196.47,141321.43,4d10.5s.5p,3P*,1,4d10.5s.5d,3D,1,,,L18161,
Sn,2,116.1434,0.0010,116.143479,0.000020,74000,5.5e+08,B+,4251.494,90351.894,5s2.5p,2P*,3/2,5s2.6d,2D,5/2,,T8718,L18891,
Sn,3,116.1560,0.0005,116.1564,0.0003,190w,,,53548.27,139639.10,4d10.5s.5p,3P*,0,4d10.5s.6s,3S,1,,,L18161,
Sn,2,116.2926,0.0010,116.292511,0.000020,56000,1.28e+08,B+,4251.494,90241.554,5s2.5p,2P*,3/2,5s2.6d,2D,3/2,,T8718,L18891,
Sn,3,116.3505,0.0005,116.35042,0.00018,42,,,128205.90,214153.16,4d10.5p2,1D,2,4d10.5p.5d,3D*,2,,,L18161,
Sn,3,116.4663,0.0005,116.4666,0.0003,52,,,127309.44,213170.97,4d10.5p2,3P,0,4d10.5s.8p,3P*,1,,,L18161,
Sn,5,117.626,0.010,,,100,,,,,,,,,,,,,L4099,
Sn,3,117.7173,0.0010,117.7174,0.0003,74bl,,,127309.44,212258.63,4d10.5p2,3P,0,4d10.5s.8p,3P*,1,,,L18161,
Sn,3,118.0612,0.0005,118.0611,0.0003,100,,,127309.44,212011.32,4d10.5p2,3P,0,4d10.5p.5d,3D*,1,,,L18161,
Sn,3,118.4240,0.0005,118.42360,0.00018,230w,,,55196.47,139639.10,4d10.5s.5p,3P*,1,4d10.5s.6s,3S,1,,,L18161,
Sn,3,118.4943,0.0005,118.49422,0.00021,40,,,128205.90,212598.20,4d10.5p2,1D,2,4d10.5s.8p,3P*,2,,,L18161,
Sn,2,118.5675,0.0014,118.5684,0.0006,37000,,,48368.185,132707.7,5s.5p2,4P,3/2,5s.5p.(1P*).5d,2D*,5/2,,,L18891,
Sn,3,118.9731,0.0005,118.97294,0.00020,15,,,128205.90,212258.63,4d10.5p2,1D,2,4d10.5s.8p,3P*,1,,,L18161,
Sn,5,118.992,0.010,,,100,,,,,,,,,,,,,L4099,
Sn,3,119.0014,0.0005,119.00135,0.00018,115,,,130120.50,214153.16,4d10.5p2,3P,1,4d10.5p.5d,3D*,2,,,L18161,
Sn,2,119.3299,0.0014,119.3308,0.0003,66000bl(Si II),,,48368.185,132168.83,5s.5p2,4P,3/2,5s.5p.(1P*).5d,2D*,3/2,,,L18891,
Sn,3,120.4048,0.0010,120.40471,0.00022,85bl,,,134567.81,217621.04,4d10.5p2,3P,2,4d10.5p.5d,3P*,2,,,L18161,
Sn,3,120.4075,0.0010,120.4087,0.0003,85bl,,,130120.50,213170.97,4d10.5p2,3P,1,4d10.5s.8p,3P*,1,,,L18161,
Sn,5,120.572,0.010,,,100,,,,,,,,,,,,,L4099,
Sn,3,120.9264,0.0005,120.92660,0.00025,70,,,134567.81,217262.60,4d10.5p2,3P,2,4d10.5s.6f,3F*,3,,,L18161,
Sn,3,121.0511,0.0005,121.05094,0.00019,400w,,,59228.13,141837.98,4d10.5s.5p,3P*,2,4d10.5s.5d,3D,3,,,L18161,
Sn,3,121.2418,0.0005,121.2413,0.0003,82,,,127309.44,209789.56,4d10.5p2,3P,0,4d10.5p.6s,3P*,1,,,L18161,
Sn,3,121.2446,0.0005,121.24489,0.00022,82,,,130120.50,212598.20,4d10.5p2,3P,1,4d10.5s.8p,3P*,2,,,L18161,
Sn,3,121.4598,0.0005,121.4598,0.0005,17,,,130120.50,212452.3?,4d10.5p2,3P,1,4d10.5s.8p,3P*,0,,,L18161,
Sn,3,121.5090,0.0005,121.50947,0.00018,280w,,,59228.13,141526.24,4d10.5s.5p,3P*,2,4d10.5s.5d,3D,2,,,L18161,
Sn,3,121.6760,0.0005,121.67595,0.00021,72,,,134567.81,216753.32,4d10.5p2,3P,2,4d10.5p.5d,3P*,1,,,L18161,
Sn,3,121.8128,0.0005,121.81262,0.00019,180w,,,59228.13,141321.43,4d10.5s.5p,3P*,2,4d10.5s.5d,3D,1,,,L18161,
Sn,2,121.9088,0.0010,121.908367,0.000022,91000,3.35e+08,B+,4251.494,86280.318,5s2.5p,2P*,3/2,5s2.7s,2S,1/2,,T8718,L18891,
Sn,3,122.0226,0.0005,122.02241,0.00021,87,,,134567.81,216519.97,4d10.5p2,3P,2,4d10.5s.6f,1F*,3,,,L18161,
Sn,3,122.1141,0.0005,122.11381,0.00022,42,,,130120.50,212011.32,4d10.5p2,3P,1,4d10.5p.5d,3D*,1,,,L18161,
Sn,2,122.3715,0.0010,122.3716,0.0004,100000,4.08e+08,B+,0.00,81718.3,5s2.5p,2P*,1/2,5s.5p2,2P,3/2,,T8718,L18891,
Sn,3,122.5736,0.0005,122.57356,0.00017,86,,,128205.90,209789.56,4d10.5p2,1D,2,4d10.5p.6s,3P*,1,,,L18161,
Sn,3,123.0149,0.0005,123.01504,0.00023,108,,,134567.81,215858.68,4d10.5p2,3P,2,4d10.5p.6s,3P*,2,,,L18161,
Sn,3,123.1349,0.0005,123.13515,0.00021,122,,,134567.81,215779.39,4d10.5p2,3P,2,4d10.5p.5d,3D*,3,,,L18161,
Sn,3,124.1826,0.0005,124.18235,0.00020,102,,,128205.90,208732.64,4d10.5p2,1D,2,4d10.5p.5d,1D*,2,,,L18161,
Sn,3,124.2143,0.0005,124.21404,0.00022,35,,,128205.90,208712.10,4d10.5p2,1D,2,4d10.5p.5d,3F*,3,,,L18161,
Sn,2,124.2928,0.0010,124.2929,0.0008,110000,4.5e+08,B+,0.00,80455.1,5s2.5p,2P*,1/2,5s.5p2,2P,1/2,,T8718,L18891,
Sn,3,124.3610,0.0005,124.36114,0.00020,270w,,,59228.13,139639.10,4d10.5s.5p,3P*,2,4d10.5s.6s,3S,1,,,L18161,
Sn,3,124.8302,0.0005,124.8300,0.0004,58,,,139639.10,219748.03?,4d10.5s.6s,3S,1,4d10.5p.6s,1P*,1,,,L18161,
Sn,5,125.138,0.010,,,2000,,,,,,,,,,,,,L4099,
Sn,3,125.1383,0.0005,125.1383,0.0003,1000w,,,0.00,79911.60,4d10.5s2,1S,0,4d10.5s.5p,1P*,1,,,L18161,
Sn,3,125.5195,0.0005,125.51924,0.00019,59,,,130120.50,209789.56,4d10.5p2,3P,1,4d10.5p.6s,3P*,1,,,L18161,
Sn,3,125.6509,0.0005,125.65127,0.00021,33,,,134567.81,214153.16,4d10.5p2,3P,2,4d10.5p.5d,3D*,2,,,L18161,
Sn,3,125.7570,0.0005,125.7571,0.0003,80,,,130120.50,209638.88,4d10.5p2,3P,1,4d10.5p.6s,3P*,0,,,L18161,
Sn,3,125.9898,0.0005,125.99006,0.00019,280w,,,55196.47,134567.81,4d10.5s.5p,3P*,1,4d10.5p2,3P,2,,,L18161,
Sn,3,127.2072,0.0005,127.20682,0.00023,96,,,130120.50,208732.64,4d10.5p2,3P,1,4d10.5p.5d,1D*,2,,,L18161,
Sn,3,127.2213,0.0005,127.2213,0.0003,25,,,134567.81,213170.97,4d10.5p2,3P,2,4d10.5s.8p,3P*,1,,,L18161,
Sn,3,127.6294,0.0005,127.62947,0.00021,110,,,128205.90,206557.71,4d10.5p2,1D,2,4d10.5p.5d,1D*,2,,,L18161,
Sn,3,128.1552,0.0005,128.15520,0.00025,23,,,134567.81,212598.20,4d10.5p2,3P,2,4d10.5s.8p,3P*,2,,,L18161,
Sn,3,128.2344,0.0005,128.23482,0.00025,38,,,139639.10,217621.04,4d10.5s.6s,3S,1,4d10.5p.5d,3P*,2,,,L18161,
Sn,5,128.381,0.010,,,100,,,,,,,,,,,,,L4099,
Sn,2,128.5659,0.0007,128.5655,0.0003,31000,,,46464.290,124245.66,5s.5p2,4P,1/2,5s.5p.(3P*).5d,4P*,3/2,,,L18891,
Sn,3,128.7156,0.0005,128.71534,0.00023,22,,,134567.81,212258.63,4d10.5p2,3P,2,4d10.5s.8p,3P*,1,,,L18161,
Sn,2,129.0871,0.0010,129.0875,0.0005,200000,2.95e+09,B+,4251.494,81718.3,5s2.5p,2P*,3/2,5s.5p2,2P,3/2,,T8718,L18891,
Sn,3,129.1267,0.0005,129.12638,0.00023,32,,,134567.81,212011.32,4d10.5p2,3P,2,4d10.5p.5d,3D*,1,,,L18161,
Sn,5,129.436,0.010,,,200,,,,,,,,,,,,,L4099,
Sn,3,129.8944,0.0005,129.8943,0.0005,94,,,154115.52,231101.2?,4d10.5s.5d,1D,2,4d10.5p.5d,1F*,3,,,L18161,
Sn,5,130.220,0.010,,,100,,,,,,,,,,,,,L4099,
Sn,2,130.3902,0.0014,130.3912,0.0007,37000H,9.e+08,D+,46464.290,123156.6,5s.5p2,4P,1/2,5p3,4S*,3/2,,T9352,L18891,
Sn,3,130.5961,0.0005,130.5956,0.0003,250w,,,53548.27,130120.50,4d10.5s.5p,3P*,0,4d10.5p2,3P,1,,,L18161,
Sn,3,131.0623,0.0005,131.0623,0.0003,46,,,141321.43,217621.04,4d10.5s.5d,3D,1,4d10.5p.5d,3P*,2,,,L18161,
Sn,3,131.1331,0.0005,131.1328,0.0004,60,,,141321.43,217580.02,4d10.5s.5d,3D,1,4d10.5p.5d,3P*,0,,,L18161,
Sn,3,131.2003,0.0005,131.1999,0.0003,88,,,139639.10,215858.68,4d10.5s.6s,3S,1,4d10.5p.6s,3P*,2,,,L18161,
Sn,2,131.2275,0.0010,131.2274,0.0007,210000,1.77e+09,B+,4251.494,80455.1,5s2.5p,2P*,3/2,5s.5p2,2P,1/2,,T8718,L18891,
Sn,2,131.3087,0.0014,131.3087,0.0014,100000bl(Sn III),2.0e+09,D+,48368.185,124524.6?,5s.5p2,4P,3/2,5s.5p.(3P*).5d,4P*,1/2,,T9352,L18891,
Sn,3,131.3090,0.0005,131.3091,0.0004,72,,,143591.87,219748.03?,4d10.5s.6s,1S,0,4d10.5p.6s,1P*,1,,,L18161,
Sn,3,131.4152,0.0005,131.41502,0.00024,76,,,141526.24,217621.04,4d10.5s.5d,3D,2,4d10.5p.5d,3P*,2,,,L18161,
Sn,4,131.455,0.010,,,1000,,,,,,,,,,,,,u14,
Sn,2,131.6572,0.0010,131.6581,0.0005,210000,2.14e+09,B+,0.00,75954.3,5s2.5p,2P*,1/2,5s.5p2,2S,1/2,,T8718,L18891,
Sn,2,131.7907,0.0007,131.7914,0.0003,86000,1.3e+09,D+,48368.185,124245.66,5s.5p2,4P,3/2,5s.5p.(3P*).5d,4P*,3/2,,T9352,L18891,
Sn,3,131.9560,0.0005,131.9556,0.0003,67,,,141837.98,217621.04,4d10.5s.5d,3D,3,4d10.5p.5d,3P*,2,,,L18161,
Sn,3,132.0375,0.0005,132.0370,0.0003,40,,,141526.24,217262.60,4d10.5s.5d,3D,2,4d10.5s.6f,3F*,3,,,L18161,
Sn,3,132.1842,0.0005,132.1841,0.0005,15,,,141321.43,216973.5?,4d10.5s.5d,3D,1,4d10.5s.6f,3F*,2,,,L18161,
Sn,3,132.5701,0.0005,132.5699,0.0003,74,,,141321.43,216753.32,4d10.5s.5d,3D,1,4d10.5p.5d,3P*,1,,,L18161,
Sn,3,132.5828,0.0005,132.5827,0.0003,5,,,141837.98,217262.60,4d10.5s.5d,3D,3,4d10.5s.6f,3F*,3,,,L18161,
Sn,3,132.7327,0.0005,132.73218,0.00021,350w,,,59228.13,134567.81,4d10.5s.5p,3P*,2,4d10.5p2,3P,2,,,L18161,
Sn,2,132.7669,0.0014,132.7668,0.0011,33000H,,,48368.185,123688.2,5s.5p2,4P,3/2,5s.5p.(3P*).5d,4P*,5/2,,,L18891,
Sn,3,132.9306,0.0005,132.93085,0.00025,58,,,141526.24,216753.32,4d10.5s.5d,3D,2,4d10.5p.5d,3P*,1,,,L18161,
Sn,3,132.9404,0.0005,132.94027,0.00021,54,,,134567.81,209789.56,4d10.5p2,3P,2,4d10.5p.6s,3P*,1,,,L18161,
Sn,3,132.9589,0.0005,132.9589,0.0005,65,,,141837.98,217049.2?,4d10.5s.5d,3D,3,4d10.5s.6f,3F*,4,,,L18161,
Sn,3,133.1730,0.0005,133.17246,0.00025,76,,,128205.90,203296.50,4d10.5p2,1D,2,4d10.5s.5f,1F*,3,,,L18161,
Sn,3,133.3450,0.0005,133.34448,0.00025,30,,,141526.24,216519.97,4d10.5s.5d,3D,2,4d10.5s.6f,1F*,3,,,L18161,
Sn,3,133.4688,0.0005,133.46853,0.00023,220w,,,55196.47,130120.50,4d10.5s.5p,3P*,1,4d10.5p2,3P,1,,,L18161,
Sn,2,133.7103,0.0014,133.7105,0.0007,67000h,1.3e+09,D+,48368.185,123156.6,5s.5p2,4P,3/2,5p3,4S*,3/2,,T9352,L18891,
Sn,3,133.9014,0.0005,133.9011,0.0003,65,,,141837.98,216519.97,4d10.5s.5d,3D,3,4d10.5s.6f,1F*,3,,,L18161,
Sn,3,134.1608,0.0005,134.1611,0.0003,12,,,141321.43,215858.68,4d10.5s.5d,3D,1,4d10.5p.6s,3P*,2,,,L18161,
Sn,3,134.2034,0.0005,134.20286,0.00025,17,,,139639.10,214153.16,4d10.5s.6s,3S,1,4d10.5p.5d,3D*,2,,,L18161,
Sn,3,134.5311,0.0005,134.5308,0.0003,46,,,141526.24,215858.68,4d10.5s.5d,3D,2,4d10.5p.6s,3P*,2,,,L18161,
Sn,3,134.6043,0.0005,134.6044,0.0004,260,,,79911.60,154203.36,4d10.5s.5p,1P*,1,4d10.5p2,1S,0,,,L18161,
Sn,3,134.6363,0.0005,134.63687,0.00020,50,,,128205.90,202479.76,4d10.5p2,1D,2,4d10.5s.5f,3F*,3,,,L18161,
Sn,3,134.6747,0.0005,134.67442,0.00024,72,,,141526.24,215779.39,4d10.5s.5d,3D,2,4d10.5p.5d,3D*,3,,,L18161,
Sn,3,134.7637,0.0005,134.76377,0.00018,390,,,79911.60,154115.52,4d10.5s.5p,1P*,1,4d10.5s.5d,1D,2,,,L18161,
Sn,3,134.8725,0.0005,134.8722,0.0003,78,,,134567.81,208712.10,4d10.5p2,3P,2,4d10.5p.5d,3F*,3,,,L18161,
Sn,3,135.2427,0.0005,135.2422,0.0003,82,,,141837.98,215779.39,4d10.5s.5d,3D,3,4d10.5p.5d,3D*,3,,,L18161,
Sn,2,135.3843,0.0014,135.3848,0.0005,13000H,3.6e+08,D+,58844.181,132707.7,5s.5p2,2D,3/2,5s.5p.(1P*).5d,2D*,5/2,,T9352,L18891,
Sn,3,135.4378,0.0005,135.43813,0.00024,57,,,128205.90,202040.35,4d10.5p2,1D,2,4d10.5s.5f,3F*,2,,,L18161,
Sn,2,135.8707,0.0014,135.8695,0.0009,58000h,1.9e+09,D+,46464.290,120064.3?,5s.5p2,4P,1/2,5s.5p.(3P*).5d,4D*,3/2,,T9352,L18891,
Sn,3,135.9963,0.0010,135.9955,0.0003,74bl,,,139639.10,213170.97,4d10.5s.6s,3S,1,4d10.5s.8p,3P*,1,,,L18161,
Sn,3,136.0224,0.0005,136.0225,0.0006,87,,,154203.36,227720.6?,4d10.5p2,1S,0,4d10.5p.5d,1P*,1,,,L18161,
Sn,2,136.0226,0.0020,136.0233,0.0011,"120000H,bl(Sn III)*",3.3e+09,D+,46464.290,119981.1?,5s.5p2,4P,1/2,5s.5p.(3P*).5d,4D*,1/2,,T9352,L18891,
Sn,2,136.0226,0.0020,136.0259,0.0004,"200000H,bl(Sn III)*",7.5e+08,D+,50730.224,124245.66,5s.5p2,4P,5/2,5s.5p.(3P*).5d,4P*,3/2,,T9352,L18891,
Sn,2,136.3799,0.0007,136.3798,0.0004,93000,3.6e+09,D+,58844.181,132168.83,5s.5p2,2D,3/2,5s.5p.(1P*).5d,2D*,3/2,,T9352,L18891,
Sn,2,136.5282,0.0014,136.5295,0.0006,100000H,3.4e+09,D+,59463.481,132707.7,5s.5p2,2D,5/2,5s.5p.(1P*).5d,2D*,5/2,,T9352,L18891,
Sn,3,136.6840,0.0005,136.6840,0.0003,40,,,143591.87,216753.32,4d10.5s.6s,1S,0,4d10.5p.5d,3P*,1,,,L18161,
Sn,3,136.9685,0.0005,136.96861,0.00023,180w,,,55196.47,128205.90,4d10.5s.5p,3P*,1,4d10.5p2,1D,2,,,L18161,
Sn,3,137.0633,0.0010,137.0631,0.0003,80bl,,,139639.10,212598.20,4d10.5s.6s,3S,1,4d10.5s.8p,3P*,2,,,L18161,
Sn,2,137.0651,0.0014,137.0652,0.0009,"100000H,bl(Sn III)",2.1e+09,D+,50730.224,123688.2,5s.5p2,4P,5/2,5s.5p.(3P*).5d,4P*,5/2,,T9352,L18891,
Sn,3,137.3026,0.0005,137.30279,0.00025,63,,,141321.43,214153.16,4d10.5s.5d,3D,1,4d10.5p.5d,3D*,2,,,L18161,
Sn,2,137.5416,0.0007,137.5415,0.0006,46000,1.8e+08,D+,59463.481,132168.83,5s.5p2,2D,5/2,5s.5p.(1P*).5d,2D*,3/2,,T9352,L18891,
Sn,3,137.6900,0.0005,137.68999,0.00023,26,,,141526.24,214153.16,4d10.5s.5d,3D,2,4d10.5p.5d,3D*,2,,,L18161,
Sn,3,137.7035,0.0005,137.7040,0.0003,40,,,139639.10,212258.63,4d10.5s.6s,3S,1,4d10.5s.8p,3P*,1,,,L18161,
Sn,2,138.0704,0.0014,138.0712,0.0008,68000H,2.3e+09,D+,50730.224,123156.6,5s.5p2,4P,5/2,5p3,4S*,3/2,,T9352,L18891,
Sn,3,138.2834,0.0005,138.28355,0.00025,78,,,141837.98,214153.16,4d10.5s.5d,3D,3,4d10.5p.5d,3D*,2,,,L18161,
Sn,3,138.6714,0.0005,138.6713,0.0003,230w,,,55196.47,127309.44,4d10.5s.5p,3P*,1,4d10.5p2,3P,0,,,L18161,
Sn,3,138.9085,0.0005,138.9084,0.0003,4,,,134567.81,206557.71,4d10.5p2,3P,2,4d10.5p.5d,1D*,2,,,L18161,
Sn,2,139.1100,0.0007,139.1103,0.0006,130000s,2.3e+09,D+,48368.185,120253.6,5s.5p2,4P,3/2,5s.5p.(3P*).5d,4D*,5/2,,T9352,L18891,
Sn,3,139.1802,0.0005,139.1797,0.0003,5,,,141321.43,213170.97,4d10.5s.5d,3D,1,4d10.5s.8p,3P*,1,,,L18161,
Sn,2,139.3510,0.0020,139.3509,0.0019,130000H,3.1e+09,D+,50730.224,122491.5?,5s.5p2,4P,5/2,5s.5p.(3P*).5d,4D*,7/2,,T9352,L18891,
Sn,2,139.4667,0.0019,139.4646,0.0008,62000,7.e+06,E,4251.494,75954.3,5s2.5p,2P*,3/2,5s.5p2,2S,1/2,,T8718,"L17864,L18891",
Sn,2,139.4764,0.0014,139.4776,0.0010,19000H,1.0e+09,D+,48368.185,120064.3?,5s.5p2,4P,3/2,5s.5p.(3P*).5d,4D*,3/2,,T9352,L18891,
Sn,3,139.5779,0.0005,139.5776,0.0003,21,,,141526.24,213170.97,4d10.5s.5d,3D,2,4d10.5s.8p,3P*,1,,,L18161,
Sn,2,139.6399,0.0014,139.6396,0.0014,15000H,2.4e+08,D+,48368.185,119981.1?,5s.5p2,4P,3/2,5s.5p.(3P*).5d,4D*,1/2,,T9352,L18891,
Sn,2,140.0454,0.0020,140.04398,0.00010,360000,2.05e+09,B+,0.00,71406.142,5s2.5p,2P*,1/2,5s2.5d,2D,3/2,,T8718,L18891,
Sn,3,140.2977,0.0005,140.2982,0.0003,3,,,141321.43,212598.20,4d10.5s.5d,3D,1,4d10.5s.8p,3P*,2,,,L18161,
Sn,3,141.0587,0.0005,141.0589,0.0003,250w,,,59228.13,130120.50,4d10.5s.5p,3P*,2,4d10.5p2,3P,1,,,L18161,
Sn,3,141.3226,0.0005,141.3223,0.0003,17,,,141837.98,212598.20,4d10.5s.5d,3D,3,4d10.5s.8p,3P*,2,,,L18161,
Sn,3,141.3775,0.0005,141.3779,0.0003,2,,,141526.24,212258.63,4d10.5s.5d,3D,2,4d10.5s.8p,3P*,1,,,L18161,
Sn,3,141.4624,0.0005,141.4629,0.0003,40,,,141321.43,212011.32,4d10.5s.5d,3D,1,4d10.5p.5d,3D*,1,,,L18161,
Sn,3,141.8740,0.0005,141.8740,0.0003,74,,,141526.24,212011.32,4d10.5s.5d,3D,2,4d10.5p.5d,3D*,1,,,L18161,
Sn,3,142.5505,0.0005,142.55074,0.00024,88,,,139639.10,209789.56,4d10.5s.6s,3S,1,4d10.5p.6s,3P*,1,,,L18161,
Sn,3,142.8577,0.0005,142.8576,0.0004,78,,,139639.10,209638.88,4d10.5s.6s,3S,1,4d10.5p.6s,3P*,0,,,L18161,
Sn,3,143.6925,0.0005,143.6926,0.0005,145w,,,141837.98,211431.0?,4d10.5s.5d,3D,3,4d10.5p.5d,3F*,4,,,L18161,
Sn,4,143.752,0.010,,,1000,,,,,,,,,,,,,u14,
Sn,2,143.8365,0.0014,143.8365,0.0006,5000,,,50730.224,120253.6,5s.5p2,4P,5/2,5s.5p.(3P*).5d,4D*,5/2,,,L18891,
Sn,3,144.9738,0.0005,144.9742,0.0003,200w,,,59228.13,128205.90,4d10.5s.5p,3P*,2,4d10.5p2,1D,2,,,L18161,
Sn,3,145.500,0.004,145.4996,0.0003,657,,,134567.81,203296.50,4d10.5p2,3P,2,4d10.5s.5f,1F*,3,,,L17864,
Sn,3,145.6314,0.0005,145.6309,0.0003,52,,,143591.87,212258.63,4d10.5s.6s,1S,0,4d10.5s.8p,3P*,1,,,L18161,
Sn,3,147.3892,0.0005,147.3890,0.0004,58,,,128205.90,196053.57,4d10.5p2,1D,2,4d10.5s.7p,1P*,1,,,L18161,
Sn,2,147.4995,0.0020,147.49966,0.00003,530000,1.95e+09,B+,4251.494,72048.260,5s2.5p,2P*,3/2,5s2.5d,2D,5/2,,T8718,L18891,
Sn,2,148.1747,0.0007,148.1742,0.0005,15000,,,46464.290,113952.44,5s.5p2,4P,1/2,5s.5p.(3P*).6s,2P*,1/2,,,L18891,
Sn,3,148.3430,0.0005,148.3433,0.0003,84,,,141321.43,208732.64,4d10.5s.5d,3D,1,4d10.5p.5d,1D*,2,,,L18161,
Sn,3,148.7952,0.0005,148.7954,0.0003,77,,,141526.24,208732.64,4d10.5s.5d,3D,2,4d10.5p.5d,1D*,2,,,L18161,
Sn,3,148.8405,0.0005,148.8408,0.0003,130,,,141526.24,208712.10,4d10.5s.5d,3D,2,4d10.5p.5d,3F*,3,,,L18161,
Sn,3,148.8775,0.0005,148.8780,0.0007,15,,,128205.90,195375.0,4d10.5p2,1D,2,4d10.5s.7p,3P*,1,,,L18161,
Sn,2,148.9091,0.0010,148.91002,0.00004,79000,1.59e+08,B+,4251.494,71406.142,5s2.5p,2P*,3/2,5s2.5d,2D,3/2,,T8718,L18891,
Sn,3,149.4887,0.0005,149.4888,0.0003,83,,,141837.98,208732.64,4d10.5s.5d,3D,3,4d10.5p.5d,1D*,2,,,L18161,
Sn,2,149.5037,0.0007,149.5036,0.0007,32000,1.1e+08,D+,48368.185,115256.2?,5s.5p2,4P,3/2,5s.5p.(3P*).5d,4F*,5/2,,T9352,L18891,
Sn,3,149.5346,0.0005,149.5347,0.0003,90,,,141837.98,208712.10,4d10.5s.5d,3D,3,4d10.5p.5d,3F*,3,,,L18161,
Sn,3,151.0623,0.0005,151.0627,0.0003,76,,,143591.87,209789.56,4d10.5s.6s,1S,0,4d10.5p.6s,3P*,1,,,L18161,
Sn,2,151.7961,0.0007,151.7967,0.0005,33000,4.4e+08,D+,48368.185,114245.75,5s.5p2,4P,3/2,5s.5p.(3P*).6s,4P*,5/2,,T9352,L18891,
Sn,2,152.2206,0.0020,152.2235,0.0007,24000bl(Sn),8.3e+07,D+,50730.224,116423.1,5s.5p2,4P,5/2,5s.5p.(3P*).5d,4F*,7/2,,T9352,L18891,
Sn,2,152.7856,0.0014,152.7873,0.0005,15000bl(Sn),,,48368.185,113818.65,5s.5p2,4P,3/2,5s.5p.(3P*).5d,2D*,5/2,,,L18891,
Sn,3,153.2891,0.0005,153.2889,0.0003,89,,,141321.43,206557.71,4d10.5s.5d,3D,1,4d10.5p.5d,1D*,2,,,L18161,
Sn,4,153.290,0.010,,,100,,,,,,,,,,,,,u14,
Sn,3,153.7715,0.0005,153.7717,0.0003,75,,,141526.24,206557.71,4d10.5s.5d,3D,2,4d10.5p.5d,1D*,2,,,L18161,
Sn,2,154.3653,0.0019,154.3634,0.0005,14000,,,59463.481,124245.66,5s.5p2,2D,5/2,5s.5p.(3P*).5d,4P*,3/2,,,"L17864,L18891",
Sn,2,155.4881,0.0014,155.4896,0.0005,60000,4.0e+08,D+,46464.290,110777.28,5s.5p2,4P,1/2,5s.5p.(3P*).6s,4P*,3/2,,T9352,L18891,
Sn,2,157.0056,0.0019,157.0028,0.0010,13000,,,59463.481,123156.6,5s.5p2,2D,5/2,5p3,4S*,3/2,,,"L17864,L18891",
Sn,3,157.0342,0.0005,157.0345,0.0003,210w,,,79911.60,143591.87,4d10.5s.5p,1P*,1,4d10.5s.6s,1S,0,,,L18161,
Sn,2,157.4426,0.0008,157.4418,0.0005,33000,7.2e+08,D+,50730.224,114245.75,5s.5p2,4P,5/2,5s.5p.(3P*).6s,4P*,5/2,,T9352,L18891,
Sn,2,158.5071,0.0016,158.5077,0.0005,14000bl(Sn),6.2e+07,D+,50730.224,113818.65,5s.5p2,4P,5/2,5s.5p.(3P*).5d,2D*,5/2,,T9352,L18891,
Sn,2,158.7532,0.0019,158.7571,0.0008,9200,1.5e+08,D+,46464.290,109453.6,5s.5p2,4P,1/2,5s.5p.(3P*).6s,4P*,1/2,,T9352,L17864,
Sn,2,159.3418,0.0016,159.3414,0.0008,15000bl(Sn),,,46464.290,109222.6,5s.5p2,4P,1/2,5s2.10p,2P*,1/2,,,L18891,
Sn,2,160.2325,0.0012,160.2331,0.0005,16000,1.1e+08,D+,48368.185,110777.28,5s.5p2,4P,3/2,5s.5p.(3P*).6s,4P*,3/2,,T9352,L18891,
Sn,3,160.2444,0.0005,160.2450,0.0003,42,,,154115.52,216519.97,4d10.5s.5d,1D,2,4d10.5s.6f,1F*,3,,,L18161,
Sn,3,162.1693,0.0005,162.1695,0.0003,42,,,154115.52,215779.39,4d10.5s.5d,1D,2,4d10.5p.5d,3D*,3,,,L18161,
Sn,3,162.2994,0.0005,162.29909,0.00022,100,,,79911.60,141526.24,4d10.5s.5p,1P*,1,4d10.5s.5d,3D,2,,,L18161,
Sn,3,162.6398,0.0005,162.6393,0.0005,5,,,134567.81,196053.57,4d10.5p2,3P,2,4d10.5s.7p,1P*,1,,,L18161,
Sn,3,162.8409,0.0005,162.84038,0.00024,80,,,79911.60,141321.43,4d10.5s.5p,1P*,1,4d10.5s.5d,3D,1,,,L18161,
Sn,2,162.8422,0.0016,162.8415,0.0008,22000bl(Sn III),,,58844.181,120253.6,5s.5p2,2D,3/2,5s.5p.(3P*).5d,4D*,5/2,,,L18891,
Sn,3,163.7042,0.0005,163.7042,0.0005,32,,,141837.98,202923.76?,4d10.5s.5d,3D,3,4d10.5s.5f,3F*,4,,,L18161,
Sn,2,163.7059,0.0008,163.7052,0.0008,16000,6.6e+08,D+,48368.185,109453.6,5s.5p2,4P,3/2,5s.5p.(3P*).6s,4P*,1/2,,T9352,L18891,
Sn,3,164.0593,0.0005,164.0594,0.0003,55,,,141526.24,202479.76,4d10.5s.5d,3D,2,4d10.5s.5f,3F*,3,,,L18161,
Sn,2,164.3262,0.0012,164.3266,0.0008,8100,1.4e+08,D+,48368.185,109222.6,5s.5p2,4P,3/2,5s2.10p,2P*,1/2,,T9352,L18891,
Sn,3,164.6937,0.0005,164.6933,0.0004,65,,,141321.43,202040.35,4d10.5s.5d,3D,1,4d10.5s.5f,3F*,2,,,L18161,
Sn,2,164.8562,0.0012,164.8548,0.0008,6300,,,72048.260,132707.7,5s2.5d,2D,5/2,5s.5p.(1P*).5d,2D*,5/2,,,L18891,
Sn,3,164.9021,0.0005,164.9028,0.0003,15,,,141837.98,202479.76,4d10.5s.5d,3D,3,4d10.5s.5f,3F*,3,,,L18161,
Sn,3,165.2506,0.0005,165.2507,0.0004,28,,,141526.24,202040.35,4d10.5s.5d,3D,2,4d10.5s.5f,3F*,2,,,L18161,
Sn,2,166.5364,0.0008,166.5361,0.0006,19000,3.8e+08,D+,50730.224,110777.28,5s.5p2,4P,5/2,5s.5p.(3P*).6s,4P*,3/2,,T9352,L18891,
Sn,3,167.4274,0.0005,167.4271,0.0003,80,,,79911.60,139639.10,4d10.5s.5p,1P*,1,4d10.5s.6s,3S,1,,,L18161,
Sn,3,168.652,0.004,168.653,0.003,959,,,160216.8,219510.3,4d10.5s.6p,3P*,1,4d10.5s.9s,3S,1,,,L17864,
Sn,2,169.9418,0.0016,169.94034,0.00014,21000,2.99e+07,B+,0.00,58844.181,5s2.5p,2P*,1/2,5s.5p2,2D,3/2,,T8718,L18891,
Sn,3,170.795,0.004,170.794,0.004,859,,,161439.5,219989.4,4d10.5s.6p,3P*,2,4d10.5s.8d,3D,3,,,L17864,
Sn,3,172.203,0.004,172.204,0.003,808,,,161439.5,219510.3,4d10.5s.6p,3P*,2,4d10.5s.9s,3S,1,,,L17864,
Sn,1,173.361,0.004,173.363,0.008,500w,,,1691.806,59374.2,5s2.5p2,3P,1,5s2.5p.9s,3P*,2,,,"L3936,L3149,L7378",
Sn,1,173.72436,0.00015,173.72439,0.00015,710r,,,0.000,57562.44,5s2.5p2,3P,0,5s2.5p.10d,3D*,1,,,"L3936,L3149,L7378",
Sn,1,175.14880,0.00015,175.14874,0.00016,880r,,,0.000,57094.33,5s2.5p2,3P,0,5s2.5p.9d,3D*,1,,,"L3936,L3149,L7378",
Sn,1,175.352,0.008,175.363,0.008,690w,,,3427.673,60452.1,5s2.5p2,3P,2,5s2.5p.8d,3D*,3,,,"L3936,L3149,L7378",
Sn,2,175.5621,0.0019,175.5630,0.0009,1700,,,59463.481,116423.1,5s.5p2,2D,5/2,5s.5p.(3P*).5d,4F*,7/2,,,"L17864,L18891",
Sn,2,175.7893,0.0016,175.78906,0.00015,15000,3.04e+08,B+,0.00,56886.363,5s2.5p,2P*,1/2,5s2.6s,2S,1/2,,T8718,L18891,
Sn,1,176.49391,0.00016,176.49391,0.00003,1500r,,,0.000,56659.180,5s2.5p2,3P,0,5s2.5p.6d,1P*,1,,,"L3936,L3149,L7378",
Sn,1,177.33603,0.00016,177.33605,0.00004,960,,,0.000,56390.113,5s2.5p2,3P,0,5s2.5p.10s,3P*,1,,,"L3936,L3149,L7378",
Sn,2,177.8898,0.0016,177.8900,0.0013,6500bl(Sn),,,75954.3,132168.83,5s.5p2,2S,1/2,5s.5p.(1P*).5d,2D*,3/2,,,L18891,
Sn,1,179.07835,0.00016,179.07830,0.00016,1900r,,,1691.806,57533.30,5s2.5p2,3P,1,5s2.5p.10d,a 3P*,2,,,"L3936,L3149,L7378",
Sn,3,179.6171,0.0005,179.6169,0.0004,15,,,154115.52,209789.56,4d10.5s.5d,1D,2,4d10.5p.6s,3P*,1,,,L18161,
Sn,1,180.46343,0.00016,180.46332,0.00016,5000r,,,1691.806,57104.73,5s2.5p2,3P,1,5s2.5p.9d,b 3P*,2,,,"L3936,L3149,L7378",
Sn,1,180.49717,0.00016,180.49719,0.00016,630,,,1691.806,57094.33,5s2.5p2,3P,1,5s2.5p.9d,3D*,1,,,"L3936,L3149,L7378",
Sn,2,180.5002,0.0019,180.5003,0.0007,1900,,,58844.181,114245.75,5s.5p2,2D,3/2,5s.5p.(3P*).6s,4P*,5/2,,,L17864,
Sn,2,181.1197,0.0016,181.12009,0.00005,14000,6.4e+07,B+,4251.494,59463.481,5s2.5p,2P*,3/2,5s.5p2,2D,5/2,,T8718,L18891,
Sn,3,181.1710,0.0005,181.1710,0.0005,800w,,,0.00,55196.47,4d10.5s2,1S,0,4d10.5s.5p,3P*,1,,,L18161,
Sn,1,181.30157,0.00016,181.30154,0.00004,1400,,,0.000,55156.731,5s2.5p2,3P,0,5s2.5p.9s,3P*,1,,,"L3936,L3149,L7378",
Sn,2,181.4602,0.0012,181.4610,0.0008,1100,,,58844.181,113952.44,5s.5p2,2D,3/2,5s.5p.(3P*).6s,2P*,1/2,,,L18891,
Sn,1,181.57659,0.00016,181.57654,0.00004,2200r,,,0.000,55073.194,5s2.5p2,3P,0,5s2.5p.7d,b 3D*,1,,,"L3936,L3149,L7378",
Sn,2,181.9039,0.0012,181.9026,0.0007,1500,,,58844.181,113818.65,5s.5p2,2D,3/2,5s.5p.(3P*).5d,2D*,5/2,,,L18891,
Sn,1,181.92611,0.00017,181.926100,0.000023,2200,,,1691.806,56659.180,5s2.5p2,3P,1,5s2.5p.6d,1P*,1,,,"L3936,L3149,L7378",
Sn,1,182.30095,0.00017,182.30101,0.00003,6400r,,,1691.806,56546.137,5s2.5p2,3P,1,5s2.5p.9d,a 3P*,2,,,"L3936,L3149,L7378",
Sn,3,182.9621,0.0005,182.9618,0.0003,50,,,79911.60,134567.81,4d10.5s.5p,1P*,1,4d10.5p2,3P,2,,,L18161,
Sn,2,183.1757,0.0016,183.17472,0.00005,11000,2.2e+07,C+,4251.494,58844.181,5s2.5p,2P*,3/2,5s.5p2,2D,3/2,,T8718,L18891,
Sn,1,184.87692,0.00017,184.87655,0.00014,3100r,,,3427.673,57517.82,5s2.5p2,3P,2,5s2.5p.10d,a 3F*,3,,,"L3936,L3149,L7378",
Sn,1,185.19695,0.00017,185.196945,0.000024,1400,,,1691.806,55688.377,5s2.5p2,3P,1,5s2.5p.6d,3P*,1,,,"L3936,L3149,L7378",
Sn,1,185.42531,0.00017,185.42523,0.00024,600,,,1691.806,55621.90,5s2.5p2,3P,1,5s2.5p.6d,3P*,0,,,"L3936,L3149,L7378",
Sn,2,185.5604,0.0019,185.5600,0.0007,370,,,56886.363,110777.28,5s2.6s,2S,1/2,5s.5p.(3P*).6s,4P*,3/2,,,L17864,
Sn,1,186.03253,0.00017,186.03254,0.00017,8600r,,,3427.673,57181.71,5s2.5p2,3P,2,5s2.5p.6d,3D*,3,,,"L3936,L3149,L7378",
Sn,1,186.14175,0.00017,186.141733,0.000020,1000,,,3427.673,57150.177,5s2.5p2,3P,2,5s2.5p.8s,3P*,2,,,"L3936,L3149,L7378",
Sn,1,186.55164,0.00017,186.551690,0.000022,1500,,,1691.806,55296.252,5s2.5p2,3P,1,5s2.5p.6d,3P*,2,,,"L3936,L3149,L7378",
Sn,1,186.59233,0.00017,186.59232,0.00004,1500,,,0.000,53592.774,5s2.5p2,3P,0,5s2.5p.7d,a 3D*,1,,,"L3936,L3149,L7378",
Sn,1,187.12680,0.00018,187.126715,0.000025,550,,,1691.806,55131.530,5s2.5p2,3P,1,5s2.5p.9s,3P*,0,,,"L3936,L3149,L7378",
Sn,1,187.22732,0.00018,187.22733,0.00018,670,,,3427.673,56838.68,5s2.5p2,3P,2,5s2.5p.9d,a 3F*,3,,,"L3936,L3149,L7378",
Sn,1,187.33124,0.00018,187.331210,0.000022,860,,,1691.806,55073.194,5s2.5p2,3P,1,5s2.5p.7d,b 3D*,1,,,"L3936,L3149,L7378",
Sn,1,188.25847,0.00018,188.25846,0.00003,2000,,,3427.673,56546.137,5s2.5p2,3P,2,5s2.5p.9d,a 3P*,2,,,"L3936,L3149,L7378",
Sn,1,188.603,0.005,188.602722,0.000023,3700bl*,,,1691.806,54713.310,5s2.5p2,3P,1,5s2.5p.6d,1D*,2,,,"L3936,L3149,L7378",
Sn,1,188.603,0.005,188.60469,0.00004,3700bl*,,,0.000,53020.952,5s2.5p2,3P,0,5s2.5p.8s,3P*,1,,,"L3936,L3149,L7378",
Sn,2,188.6107,0.0008,188.6110,0.0006,570,,,48368.185,101387.37,5s.5p2,4P,3/2,5s2.8p,2P*,3/2,,,L18891,
Sn,1,189.14207,0.00018,189.14199,0.00003,4900,,,3427.673,56298.005,5s2.5p2,3P,2,5s2.5p.6d,1F*,3,,,"L3936,L3149,L7378",
Sn,1,189.72880,0.00018,189.72872,0.00004,780,,,0.000,52706.832,5s2.5p2,3P,0,5s2.5p.7s,1P*,1,,,"L3936,L3149,L7378",
Sn,2,189.9901,0.0016,189.98812,0.00005,7200,5.6e+08,B+,4251.494,56886.363,5s2.5p,2P*,3/2,5s2.6s,2S,1/2,,T8718,L18891,
Sn,1,190.92102,0.00018,190.920985,0.000023,4200,,,3427.673,55805.362,5s2.5p2,3P,2,5s2.5p.8d,3P*,2,,,"L3936,L3149,L7378",
Sn,1,191.15525,0.00018,191.15528,0.00003,2900,,,3427.673,55741.165,5s2.5p2,3P,2,5s2.5p.8d,a 3F*,3,,,"L3936,L3149,L7378",
Sn,1,191.34837,0.00018,191.348360,0.000023,1400,,,3427.673,55688.377,5s2.5p2,3P,2,5s2.5p.6d,3P*,1,,,"L3936,L3149,L7378",
Sn,1,192.52966,0.00019,192.529842,0.000022,4800,,,1691.806,53631.806,5s2.5p2,3P,1,5s.5p3,3D*,2,,,"L3936,L3149,L7378",
Sn,1,192.67459,0.00019,192.674634,0.000024,1100,,,1691.806,53592.774,5s2.5p2,3P,1,5s2.5p.7d,a 3D*,1,,,"L3936,L3149,L7378",
Sn,1,192.79483,0.00019,192.794948,0.000021,630,,,3427.673,55296.252,5s2.5p2,3P,2,5s2.5p.6d,3P*,2,,,"L3936,L3149,L7378",
Sn,1,192.905,0.010,192.904,0.009,2300w,,,8612.955,60452.1,5s2.5p2,1D,2,5s2.5p.8d,3D*,3,,,"L3936,L3149,L7378",
Sn,3,193.113,0.004,193.1131,0.0011,914,,,143591.87,195375.0,4d10.5s.6s,1S,0,4d10.5s.7p,3P*,1,,,L17864,
Sn,1,193.31486,0.00019,193.314945,0.000021,1000,,,3427.673,55156.731,5s2.5p2,3P,2,5s2.5p.9s,3P*,1,,,"L3936,L3149,L7378",
Sn,3,194.1837,0.0005,194.1837,0.0005,86,,,128205.90,179703.52,4d10.5p2,1D,2,4d10.4f.5s,1F*,3,,,L18161,
Sn,1,194.27004,0.00019,194.27013,0.00005,660,,,0.000,51474.718,5s2.5p2,3P,0,5s2.5p.6d,3D*,1,,,"L3936,L7378",
Sn,1,195.21264,0.00019,195.212770,0.000022,7000,,,3427.673,54653.830,5s2.5p2,3P,2,5s2.5p.7d,3F*,3,,,"L3936,L3149,L7378",
Sn,3,195.5501,0.0005,195.5504,0.0005,72,,,128205.90,179343.62,4d10.5p2,1D,2,4d10.4f.5s,3F*,3,,,L18161,
Sn,1,196.02066,0.00019,196.02068,0.00003,780,,,1691.806,52706.832,5s2.5p2,3P,1,5s2.5p.7s,1P*,1,,,"L3936,L3149,L7378",
Sn,1,197.14499,0.00019,197.14506,0.00005,1100,,,1691.806,52415.877,5s2.5p2,3P,1,5s2.5p.7s,3P*,2,,,"L3936,L3149,L7378",
Sn,1,197.782,0.003,,,2300w,,,,,,,,,,,,,"L3149,L7378",
Sn,1,198.41711,0.00020,198.41691,0.00003,2400,,,3427.673,53826.604,5s2.5p2,3P,2,5s.5p3,3D*,3,,,"L3936,L3149,L7378",
Sn,3,199.1673,0.0005,199.1679,0.0004,60,,,79911.60,130120.50,4d10.5s.5p,1P*,1,4d10.5p2,3P,1,,,L18161,
Sn,1,199.18680,0.00020,199.186788,0.000020,490,,,3427.673,53631.806,5s2.5p2,3P,2,5s.5p3,3D*,2,,,"L3936,L7378",
Sn,1,199.49751,0.00020,199.49738,0.00004,510,,,0.000,50125.971,5s2.5p2,3P,0,5s2.5p.5d,1P*,1,,,"L3936,L3149,L7378",
Sn,1,200.80716,0.00020,200.80719,0.00003,780,,,1691.806,51474.718,5s2.5p2,3P,1,5s2.5p.6d,3D*,1,,,"L3936,L3149,L7378",
Sn,1,201.57506,0.00020,201.575146,0.000021,900,,,3427.673,53020.952,5s2.5p2,3P,2,5s2.5p.8s,3P*,1,,,"L3936,L3149,L7378",
Sn,1,202.08294,0.00020,202.08280,0.00003,850,,,1691.806,51160.520,5s2.5p2,3P,1,5s2.5p.6d,3F*,2,,,"L3936,L3149,L7378",
Sn,1,202.69592,0.00021,202.69579,0.00004,1400,,,1691.806,51010.937,5s2.5p2,3P,1,5s2.5p.6d,3D*,2,,,"L3936,L3149,L7378",
Sn,3,203.2650,0.0005,203.2653,0.0005,59,,,154115.52,203296.50,4d10.5s.5d,1D,2,4d10.5s.5f,1F*,3,,,L18161,
Sn,1,204.06568,0.00021,204.06524,0.00005,2100,,,3427.673,52415.877,5s2.5p2,3P,2,5s2.5p.7s,3P*,2,,,"L3936,L3149,L7378",
Sn,1,204.09176,0.00021,204.09137,0.00005,1400,,,0.000,48981.934,5s2.5p2,3P,0,5s2.5p.5d,3P*,1,,,"L3936,L3149,L7378",
Sn,3,205.209,0.004,205.217,0.006,744,,,159940.7,208654.1,4d10.5s.6p,3P*,0,4d10.5s.7d,3D,1,,,L17864,
Sn,1,205.403,0.004,205.396655,0.000025,1500,,,8612.955,57283.653,5s2.5p2,1D,2,5s2.5p.8s,1P*,1,,,L7378,
Sn,1,205.831,0.004,205.82783,0.00021,1800,,,8612.955,57181.71,5s2.5p2,1D,2,5s2.5p.6d,3D*,3,,,L7378,
Sn,3,206.177,0.004,206.179,0.003,521,,,160216.8,208702.9,4d10.5s.6p,3P*,1,4d10.5s.7d,3D,2,,,L17864,
Sn,3,206.378,0.004,206.387,0.007,817,,,160216.8,208654.1,4d10.5s.6p,3P*,1,4d10.5s.7d,3D,1,,,L17864,
Sn,1,206.4002,0.0003,206.39986,0.00003,1300,,,1691.806,50125.971,5s2.5p2,3P,1,5s2.5p.5d,1P*,1,,,"L3149,L7378",
Sn,3,206.6991,0.0005,206.6983,0.0004,10,,,154115.52,202479.76,4d10.5s.5d,1D,2,4d10.5s.5f,3F*,3,,,L18161,
Sn,3,206.857,0.004,206.851,0.005,452,,,160216.8,208545.3,4d10.5s.6p,3P*,1,4d10.5s.8s,1S,0,,,L17864,
Sn,1,206.85755,0.00018,206.85762,0.00003,2500,,,3427.673,51754.671,5s2.5p2,3P,2,5s2.5p.6d,3F*,3,,,"L3149,L7378",
Sn,3,206.9976,0.0005,206.9977,0.0003,130w,,,79911.60,128205.90,4d10.5s.5p,1P*,1,4d10.5p2,1D,2,,,L18161,
Sn,1,207.289,0.004,207.29207,0.00022,2600,,,8612.955,56838.68,5s2.5p2,1D,2,5s2.5p.9d,a 3F*,3,,,L7378,
Sn,1,207.30746,0.00015,207.30741,0.00005,3000,3.6e+06,D,0.000,48222.159,5s2.5p2,3P,0,5s2.5p.7s,3P*,1,,T4515,"L3149,L7378",
Sn,1,208.06306,0.00013,208.06306,0.00004,1200,,,3427.673,51474.718,5s2.5p2,3P,2,5s2.5p.6d,3D*,1,,,"L3149,L7378",
Sn,3,208.179,0.004,208.172,0.006,876,,,159940.7,207962.5,4d10.5s.6p,3P*,0,4d10.5s.8s,3S,1,,,L17864,
Sn,1,209.15900,0.00009,209.15901,0.00009,1700,,,1691.806,49487.127,5s2.5p2,3P,1,5s2.5p.5d,3P*,0,,,"L3149,L7378",
Sn,3,209.380,0.004,209.376,0.004,661,,,160216.8,207962.5,4d10.5s.6p,3P*,1,4d10.5s.8s,3S,1,,,L17864,
Sn,1,209.43276,0.00010,209.432794,0.000025,1600,,,3427.673,51160.520,5s2.5p2,3P,2,5s2.5p.6d,3F*,2,,,"L3149,L7378",
Sn,1,209.64284,0.00018,209.64274,0.00003,4600,,,8612.955,56298.005,5s2.5p2,1D,2,5s2.5p.6d,1F*,3,,,"L3149,L7378",
Sn,1,210.09122,0.00009,210.09125,0.00004,2900,,,3427.673,51010.937,5s2.5p2,3P,2,5s2.5p.6d,3D*,2,,,"L3149,L7378",
Sn,2,210.8475,0.0019,210.8493,0.0013,170,,,58844.181,106256.4,5s.5p2,2D,3/2,5s2.9p,2P*,1/2,,,L17864,
Sn,3,210.913,0.004,210.9132,0.0008,351,,,79911.60,127309.44,4d10.5s.5p,1P*,1,4d10.5p2,3P,0,,,L17864,
Sn,3,211.173,0.004,211.171,0.003,355,,,161439.5,208779.4,4d10.5s.6p,3P*,2,4d10.5s.7d,3D,3,,,L17864,
Sn,1,211.39370,0.00017,211.39369,0.00003,2900r,,,1691.806,48981.934,5s2.5p2,3P,1,5s2.5p.5d,3P*,1,,,"L3149,L7378",
Sn,3,211.514,0.004,211.513,0.003,549,,,161439.5,208702.9,4d10.5s.6p,3P*,2,4d10.5s.7d,3D,2,,,L17864,
Sn,1,211.838,0.004,211.83148,0.00003,490,,,8612.955,55805.362,5s2.5p2,1D,2,5s2.5p.8d,3P*,2,,,L7378,
Sn,1,212.12008,0.00012,212.12006,0.00003,1500,,,8612.955,55741.165,5s2.5p2,1D,2,5s2.5p.8d,a 3F*,3,,,"L3149,L7378",
Sn,1,212.80013,0.00007,212.80018,0.00004,620,,,1691.806,48669.409,5s2.5p2,3P,1,5s2.5p.5d,3P*,2,,,"L3149,L7378",
Sn,2,213.1208,0.0019,213.1218,0.0018,250,,,59463.481,106370.2,5s.5p2,2D,5/2,5s2.9p,2P*,3/2,,,L17864,
Sn,1,214.07311,0.00007,214.07310,0.00003,1200,,,3427.673,50125.971,5s2.5p2,3P,2,5s2.5p.5d,1P*,1,,,"L3149,L7378",
Sn,1,214.14194,0.00008,214.141897,0.000023,900,,,8612.955,55296.252,5s2.5p2,1D,2,5s2.5p.6d,3P*,2,,,"L3149,L7378",
Sn,3,214.829,0.004,214.823,0.006,390,,,162726.6,209261.9,4d10.5s.6p,1P*,1,4d10.5s.7d,1D,2,,,L17864,
Sn,1,214.84581,0.00005,214.84585,0.00003,1100,,,1691.806,48222.159,5s2.5p2,3P,1,5s2.5p.7s,3P*,1,,,"L3149,L7378",
Sn,2,214.861,0.008,214.8589,0.0014,720bl(Sn III),,,58844.181,105371.7,5s.5p2,2D,3/2,5s2.6f,2F*,5/2,,,L3368,
Sn,1,214.87266,0.00007,214.87266,0.00007,1800r,,,1691.806,48216.356,5s2.5p2,3P,1,5s2.5p.7s,3P*,0,,,"L3149,L7378",
Sn,3,214.885,0.004,214.880,0.006,380,,,161439.5,207962.5,4d10.5s.6p,3P*,2,4d10.5s.8s,3S,1,,,L17864,
Sn,2,215.08442,0.00009,215.08451,0.00007,520,4.0e+05,D+,4251.494,50730.224,5s2.5p,2P*,3/2,5s.5p2,4P,5/2,,T8718,L3149,
Sn,1,215.14268,0.00008,215.14274,0.00005,1400r,,,3427.673,49893.823,5s2.5p2,3P,2,5s2.5p.5d,1F*,3,,,"L3149,L7378",
Sn,2,215.15135,0.00020,215.15136,0.00019,530,2.1e+06,C+,0.00,46464.290,5s2.5p,2P*,1/2,5s.5p2,4P,1/2,,T8718,L3149,
Sn,3,215.527,0.004,215.528,0.003,260,,,179306.9,225690.0,4d10.4f.5s,3F*,2,4d10.5s.7g,3G,3,,,L17864,
Sn,3,215.618,0.004,215.616,0.005,803,,,179343.62,225707.7?,4d10.4f.5s,3F*,3,4d10.5s.7g,1G,4,,,L17864,
Sn,3,215.700,0.004,215.699,0.003,691*,,,179343.62,225690.0,4d10.4f.5s,3F*,3,4d10.5s.7g,3G,3,,,L17864,
Sn,3,215.700,0.004,215.699,0.004,691*,,,179343.62,225690.0,4d10.4f.5s,3F*,3,4d10.5s.7g,3G,4,,,L17864,
Sn,3,216.072,0.004,216.074,0.005,592,,,179441.8,225707.7?,4d10.4f.5s,3F*,4,4d10.5s.7g,3G,5,,,L17864,
Sn,3,216.159,0.004,216.157,0.003,935,,,179441.8,225690.0,4d10.4f.5s,3F*,4,4d10.5s.7g,3G,4,,,L17864,
Sn,1,217.13015,0.00008,217.130215,0.000024,1900,,,8612.955,54653.830,5s2.5p2,1D,2,5s2.5p.7d,3F*,3,,,"L3149,L7378",
Sn,3,217.386,0.004,217.387,0.003,313*,,,179703.52,225690.0,4d10.4f.5s,1F*,3,4d10.5s.7g,3G,3,,,L17864,
Sn,3,217.386,0.004,217.387,0.004,313*,,,179703.52,225690.0,4d10.4f.5s,1F*,3,4d10.5s.7g,3G,4,,,L17864,
Sn,3,217.433,0.004,217.435,0.004,810,,,162726.6,208702.9,4d10.5s.6p,1P*,1,4d10.5s.7d,3D,2,,,L17864,
Sn,3,217.657,0.004,217.666,0.010,945,,,162726.6,208654.1,4d10.5s.6p,1P*,1,4d10.5s.7d,3D,1,,,L17864,
Sn,3,218.188,0.004,218.183,0.004,550,,,162726.6,208545.3,4d10.5s.6p,1P*,1,4d10.5s.8s,1S,0,,,L17864,
Sn,1,219.44991,0.00005,219.44986,0.00003,3700r,,,3427.673,48981.934,5s2.5p2,3P,2,5s2.5p.5d,3P*,1,,,"L3149,L7378",
Sn,1,219.93455,0.00010,219.93456,0.00003,6200r,2.9e+07,D,1691.806,47145.684,5s2.5p2,3P,1,5s2.5p.5d,1D*,2,,T4515,"L3149,L7378",
Sn,2,220.0075,0.0019,220.00341,0.00011,160,,,46464.290,91903.945,5s.5p2,4P,1/2,5s2.7p,2P*,1/2,,,L17864,
Sn,1,220.96597,0.00008,220.96595,0.00004,7700r,5.6e+07,D,3427.673,48669.409,5s2.5p2,3P,2,5s2.5p.5d,3P*,2,,T4515,"L3149,L7378",
Sn,3,220.997,0.004,220.994,0.003,861,,,162726.6,207962.5,4d10.5s.6p,1P*,1,4d10.5s.8s,3S,1,,,L17864,
Sn,1,221.10333,0.00010,221.10323,0.00003,1300,,,8612.955,53826.604,5s2.5p2,1D,2,5s.5p3,3D*,3,,,"L3149,L7378",
Sn,3,221.485,0.004,221.4851,0.0008,149,,,134567.81,179703.52,4d10.5p2,3P,2,4d10.4f.5s,1F*,3,,,L17864,
Sn,1,223.17243,0.00005,223.17241,0.00003,2400r,,,3427.673,48222.159,5s2.5p2,3P,2,5s2.5p.7s,3P*,1,,,"L3149,L7378",
Sn,3,223.266,0.004,223.2655,0.0008,588,,,134567.81,179343.62,4d10.5p2,3P,2,4d10.4f.5s,3F*,3,,,L17864,
Sn,1,224.60573,0.00012,224.60563,0.00005,7400r,1.6e+08,D,0.000,44508.677,5s2.5p2,3P,0,5s2.5p.5d,3D*,1,,T4515,"L3149,L7378",
Sn,1,225.11486,0.00004,225.114896,0.000022,1700,,,8612.955,53020.952,5s2.5p2,1D,2,5s2.5p.8s,3P*,1,,,"L3149,L7378",
Sn,2,225.2845,0.0019,225.2831,0.0015,67,,,72048.260,116423.1,5s2.5d,2D,5/2,5s.5p.(3P*).5d,4F*,7/2,,,"L17864,L18891",
Sn,2,225.5726,0.0019,225.5729,0.0020,35,,,56886.363,101204.2,5s2.6s,2S,1/2,5s2.8p,2P*,1/2,,,L17864,
Sn,2,226.60156,0.00010,226.60149,0.00007,260,4.3e+05,D+,4251.494,48368.185,5s2.5p,2P*,3/2,5s.5p2,4P,3/2,,T8718,L3149,
Sn,1,226.71874,0.00005,226.71874,0.00003,1300,,,8612.955,52706.832,5s2.5p2,1D,2,5s2.5p.7s,1P*,1,,,"L3149,L7378",
Sn,1,226.89296,0.00010,226.89296,0.00003,7800r,1.2e+08,D,3427.673,47487.696,5s2.5p2,3P,2,5s2.5p.5d,3D*,3,,T4515,"L3149,L7378",
Sn,1,228.22480,0.00007,228.22483,0.00006,980,,,8612.955,52415.877,5s2.5p2,1D,2,5s2.5p.7s,3P*,2,,,"L3149,L7378",
Sn,1,228.66812,0.00004,228.66814,0.00003,4700r,3.1e+07,D,3427.673,47145.684,5s2.5p2,3P,2,5s2.5p.5d,1D*,2,,T4515,"L3149,L7378",
Sn,2,229.6293,0.0019,229.62548,0.00009,86,,,48368.185,91903.945,5s.5p2,4P,3/2,5s2.7p,2P*,1/2,,,L17864,
Sn,1,231.72301,0.00009,231.72300,0.00003,9800r,2.0e+08,D,8612.955,51754.671,5s2.5p2,1D,2,5s2.5p.6d,3F*,3,,T4515,"L3149,L7378",
Sn,1,233.23659,0.00005,233.23664,0.00004,580,,,8612.955,51474.718,5s2.5p2,1D,2,5s2.5p.6d,3D*,1,,,"L3149,L7378",
Sn,2,233.343,0.014,233.3573,0.0011,45,,,71406.142,114245.75,5s2.5d,2D,3/2,5s.5p.(3P*).6s,4P*,5/2,,,L17864,
Sn,1,233.48124,0.00006,233.48120,0.00003,6300r,6.6e+07,D,1691.806,44508.677,5s2.5p2,3P,1,5s2.5p.5d,3D*,1,,T4515,"L3149,L7378",
Sn,2,234.9825,0.0019,234.9833,0.0009,120,,,58844.181,101387.37,5s.5p2,2D,3/2,5s2.8p,2P*,3/2,,,L17864,
Sn,2,235.0698,0.0019,235.0708,0.0017,130,,,81718.3,124245.66,5s.5p2,2P,3/2,5s.5p.(3P*).5d,4P*,3/2,,,L17864,
Sn,1,235.48499,0.00012,235.48500,0.00003,17000r,1.7e+08,D,1691.806,44144.368,5s2.5p2,3P,1,5s2.5p.5d,3D*,2,,T4515,"L3149,L7378",
Sn,1,235.78813,0.00004,235.78817,0.00004,1100,,,8612.955,51010.937,5s2.5p2,1D,2,5s2.5p.6d,3D*,2,,,"L3149,L7378",
Sn,2,236.028,0.010,236.0230,0.0017,3700,,,90351.894,132707.7,5s2.6d,2D,5/2,5s.5p.(1P*).5d,2D*,5/2,,,L17864,
Sn,2,236.82265,0.00006,236.82265,0.00006,310,5.6e+05,C+,4251.494,46464.290,5s2.5p,2P*,3/2,5s.5p2,4P,1/2,,T8718,L3149,
Sn,2,236.915,0.010,236.9086,0.0011,48,,,72048.260,114245.75,5s2.5d,2D,5/2,5s.5p.(3P*).6s,4P*,5/2,,,L17864,
Sn,1,238.07400,0.00004,238.07403,0.00003,3000,3.1e+06,D,1691.806,43682.737,5s2.5p2,3P,1,5s2.5p.5d,3F*,2,,T4515,"L3149,L7378",
Sn,2,238.4565,0.0019,238.4548,0.0009,220,,,59463.481,101387.37,5s.5p2,2D,5/2,5s2.8p,2P*,3/2,,,L17864,
Sn,2,239.3309,0.0019,239.3311,0.0012,53,,,72048.260,113818.65,5s2.5d,2D,5/2,5s.5p.(3P*).5d,2D*,5/2,,,"L17864,L18891",
Sn,2,240.6712,0.0019,240.67088,0.00006,85,3.4e+05,D+,50730.224,92268.106,5s.5p2,4P,5/2,5s2.7p,2P*,3/2,,T8718,L17864,
Sn,1,240.81505,0.00004,240.81506,0.00003,3100,1.8e+07,D,8612.955,50125.971,5s2.5p2,1D,2,5s2.5p.5d,1P*,1,,T4515,"L3149,L7378",
Sn,1,242.16943,0.00005,242.16941,0.00006,13000r,2.5e+08,D,8612.955,49893.823,5s2.5p2,1D,2,5s2.5p.5d,1F*,3,,T4515,"L3149,L7378",
Sn,1,242.94952,0.00007,242.94948,0.00003,16000r,1.5e+08,C,3427.673,44576.006,5s2.5p2,3P,2,5s2.5p.5d,3F*,3,,T4515,"L3149,L7378",
Sn,1,243.34769,0.00008,243.34768,0.00003,1300,8.0e+05,D,3427.673,44508.677,5s2.5p2,3P,2,5s2.5p.5d,3D*,1,,T4515,"L3149,L7378",
Sn,2,243.348,0.003,243.349,0.003,160bl(Sn I),,,71493.273,112574.1,5s2.6p,2P*,1/2,5s2.11d,2D,3/2,,,L17864,
Sn,2,244.27,,244.27019,0.00006,5700:,2.4e+05,D+,48368.185,89294.055,5s.5p2,4P,3/2,5s2.4f,2F*,5/2,,T8718,L18529,
Sn,2,244.89079,0.00007,244.89089,0.00004,3500,6.4e+07,D+,58844.181,99666.327,5s.5p2,2D,3/2,5s2.5f,2F*,5/2,,T9352,L3149,
Sn,1,245.52516,0.00004,245.52518,0.00003,2300,1.1e+06,D,3427.673,44144.368,5s2.5p2,3P,2,5s2.5p.5d,3D*,2,,T4515,"L3149,L7378",
Sn,1,247.64013,0.00004,247.64015,0.00004,760,1.1e+06,D,8612.955,48981.934,5s2.5p2,1D,2,5s2.5p.5d,3P*,1,,T4515,"L3149,L7378",
Sn,1,248.34096,0.00005,248.34098,0.00003,5700,2.1e+07,D,3427.673,43682.737,5s2.5p2,3P,2,5s2.5p.5d,3F*,2,,T4515,"L3149,L7378",
Sn,2,248.66,,248.66356,0.00005,2300:,1.0e+07,D,59463.481,99666.327,5s.5p2,2D,5/2,5s2.5f,2F*,5/2,,T7306,L18529,
Sn,2,248.69666,0.00008,248.69665,0.00004,4100,6.8e+07,D+,59463.481,99660.978,5s.5p2,2D,5/2,5s2.5f,2F*,7/2,,T9352,L3149,
Sn,1,249.16993,0.00009,249.16991,0.00004,550,1.7e+07,D,17162.499,57283.653,5s2.5p2,1S,0,5s2.5p.8s,1P*,1,,T4515,"L3149,L7378",
Sn,1,249.57241,0.00004,249.57240,0.00005,4100,6.2e+07,D,8612.955,48669.409,5s2.5p2,1D,2,5s2.5p.5d,3P*,2,,T4515,"L3149,L7378",
Sn,2,252.269,0.009,252.262,0.008,1700,,,71493.273,111122.6,5s2.6p,2P*,1/2,5s2.10d,2D,3/2,,,L3368,
Sn,1,252.39069,0.00005,252.39066,0.00004,2000,7.4e+06,D,8612.955,48222.159,5s2.5p2,1D,2,5s2.5p.7s,3P*,1,,T4515,"L3149,L7378",
Sn,1,253.10975,0.00005,253.10975,0.00004,1300,,,17162.499,56659.180,5s2.5p2,1S,0,5s2.5p.6d,1P*,1,,,"L3149,L7378",
Sn,2,253.895,0.010,253.9169,0.0013,1900,,,71406.142,110777.28,5s2.5d,2D,3/2,5s.5p.(3P*).6s,4P*,3/2,,,L17864,
Sn,1,254.65487,0.00006,254.65485,0.00007,5600,2.1e+07,D,0.000,39257.053,5s2.5p2,3P,0,5s2.5p.6s,1P*,1,,T4515,"L3149,L7378",
Sn,1,255.80944,0.00007,255.80944,0.00004,870,3.4e+07,D,17162.499,56242.378,5s2.5p2,1S,0,5s2.5p.8d,3D*,1,,T4515,"L3149,L7378",
Sn,3,256.251,0.005,256.247,0.004,260,,,179306.9,218320.0,4d10.4f.5s,3F*,2,4d10.5s.6g,3G,3,,,L17864,
Sn,3,256.346,0.005,256.348,0.003,283,,,179343.62,218341.4,4d10.4f.5s,3F*,3,4d10.5s.6g,1G,4,,,L17864,
Sn,3,256.493,0.005,256.489,0.005,496*,,,179343.62,218320.0,4d10.4f.5s,3F*,3,4d10.5s.6g,3G,4,,,L17864,
Sn,3,256.493,0.005,256.489,0.004,496*,,,179343.62,218320.0,4d10.4f.5s,3F*,3,4d10.5s.6g,3G,3,,,L17864,
Sn,3,256.995,0.005,256.995,0.005,386,,,179441.8,218341.4?,4d10.4f.5s,3F*,4,4d10.5s.6g,3G,5,,,L17864,
Sn,1,257.15940,0.00005,257.15940,0.00003,7900r,4.5e+07,D,8612.955,47487.696,5s2.5p2,1D,2,5s2.5p.5d,3D*,3,,T4515,"L3149,L7378",
Sn,2,257.915,0.023,257.882,0.007,190,1.0e+07,D+,72377.4484,111143.3,5s2.6p,2P*,3/2,5s2.10d,2D,5/2,,T9352,L3368,
Sn,3,258.738,0.005,258.736,0.003,299,,,179703.52,218341.4,4d10.4f.5s,1F*,3,4d10.5s.6g,1G,4,,,L17864,
Sn,3,258.872,0.005,258.879,0.004,374*,,,179703.52,218320.0,4d10.4f.5s,1F*,3,4d10.5s.6g,3G,3,,,L17864,
Sn,3,258.872,0.005,258.879,0.006,374*,,,179703.52,218320.0,4d10.4f.5s,1F*,3,4d10.5s.6g,3G,4,,,L17864,
Sn,2,259.23,,259.23281,0.00005,550:,1.9e+05,D+,50730.224,89294.055,5s.5p2,4P,5/2,5s2.4f,2F*,5/2,,T8718,L18529,
Sn,2,259.27198,0.00017,259.27181,0.00005,1200,2.9e+06,C+,50730.224,89288.255,5s.5p2,4P,5/2,5s2.4f,2F*,7/2,,T8718,L3149,
Sn,1,259.44209,0.00006,259.44206,0.00003,4000,3.0e+07,D,8612.955,47145.684,5s2.5p2,1D,2,5s2.5p.5d,1D*,2,,T4515,"L3149,L7378",
Sn,2,260.874,0.024,260.872,0.027,200,,,72377.4484,110699,5s2.6p,2P*,3/2,5s2.11s,2S,1/2,,,L3368,
Sn,3,261.868,0.005,261.8577,0.0012,291,,,141526.24,179703.52,4d10.5s.5d,3D,2,4d10.4f.5s,1F*,3,,,L17864,
Sn,3,263.181,0.005,263.180,0.003,228,,,141321.43,179306.9,4d10.5s.5d,3D,1,4d10.4f.5s,3F*,2,,,L17864,
Sn,1,263.69923,0.00004,263.69922,0.00004,790,1.1e+07,D,17162.499,55073.194,5s2.5p2,1S,0,5s2.5p.7d,b 3D*,1,,T4515,"L3149,L7378",
Sn,3,264.018,0.005,264.0137,0.0013,435,,,141837.98,179703.52,4d10.5s.5d,3D,3,4d10.4f.5s,1F*,3,,,L17864,
Sn,3,264.353,0.005,264.3499,0.0010,228,,,141526.24,179343.62,4d10.5s.5d,3D,2,4d10.4f.5s,3F*,3,,,L17864,
Sn,2,264.356,0.003,264.3564,0.0021,880bl(Sn III),,,71406.142,109222.6,5s2.5d,2D,3/2,5s2.10p,2P*,1/2,,,L17864,
Sn,3,264.607,0.005,264.607,0.003,280,,,141526.24,179306.9,4d10.5s.5d,3D,2,4d10.4f.5s,3F*,2,,,L17864,
Sn,3,265.856,0.005,265.851,0.005,224,,,141837.98,179441.8,4d10.5s.5d,3D,3,4d10.4f.5s,3F*,4,,,L17864,
Sn,1,266.12436,0.00004,266.12432,0.00004,3700r,1.1e+07,D,1691.806,39257.053,5s2.5p2,3P,1,5s2.5p.6s,1P*,1,,T4515,"L3149,L7378",
Sn,2,266.499,0.010,266.496,0.003,860,1.4e+07,D+,71493.273,109006.1,5s2.6p,2P*,1/2,5s2.9d,2D,3/2,,T9352,L3368,
Sn,3,266.548,0.005,266.5473,0.0011,261,,,141837.98,179343.62,4d10.5s.5d,3D,3,4d10.4f.5s,3F*,3,,,L17864,
Sn,3,266.809,0.005,266.809,0.003,370,,,141837.98,179306.9,4d10.5s.5d,3D,3,4d10.4f.5s,3F*,2,,,L17864,
Sn,1,270.65049,0.00009,270.65047,0.00004,11000r,6.6e+07,D,1691.806,38628.876,5s2.5p2,3P,1,5s2.5p.6s,3P*,2,,T4515,"L3149,L7378",
Sn,2,271.186,0.003,271.185,0.003,220,,,71493.273,108357.6,5s2.6p,2P*,1/2,5s2.10s,2S,1/2,,,L17864,
Sn,2,272.776,0.003,272.7834,0.0011,400,1.6e+07,D+,72377.4484,109025.72,5s2.6p,2P*,3/2,5s2.9d,2D,5/2,,T9352,L17864,
Sn,1,276.17803,0.00006,276.17804,0.00004,2200,3.7e+05,D,3427.673,39625.506,5s2.5p2,3P,2,5s.5p3,5S*,2,,T4515,"L3149,L7378",
Sn,2,277.84,0.03,277.849,0.003,180,,,72377.4484,108357.6,5s2.6p,2P*,3/2,5s2.10s,2S,1/2,,,L3368,
Sn,1,277.98113,0.00004,277.98114,0.00003,4500,1.8e+07,D,8612.955,44576.006,5s2.5p2,1D,2,5s2.5p.5d,3F*,3,,T4515,"L3149,L7378",
Sn,1,278.50257,0.00004,278.50257,0.00003,2700,1.4e+07,D,8612.955,44508.677,5s2.5p2,1D,2,5s2.5p.5d,3D*,1,,T4515,"L3149,L7378",
Sn,1,278.79197,0.00006,278.79204,0.00004,1200,1.4e+07,D,17162.499,53020.952,5s2.5p2,1S,0,5s2.5p.8s,3P*,1,,T4515,"L3149,L7378",
Sn,1,281.25575,0.00006,281.25597,0.00006,1100,2.3e+07,D,17162.499,52706.832,5s2.5p2,1S,0,5s2.5p.7s,1P*,1,,T4515,"L3149,L7378",
Sn,1,281.35822,0.00005,281.35824,0.00003,3800,1.2e+07,D,8612.955,44144.368,5s2.5p2,1D,2,5s2.5p.5d,3D*,2,,T4515,"L3149,L7378",
Sn,2,282.551,0.003,282.54849,0.00007,240,1.11e+06,C+,56886.363,92268.106,5s2.6s,2S,1/2,5s2.7p,2P*,3/2,,T8718,L17864,
Sn,1,283.99765,0.00008,283.99769,0.00004,13000r,1.7e+08,D,3427.673,38628.876,5s2.5p2,3P,2,5s2.5p.6s,3P*,2,,T4515,"L3149,L7378",
Sn,1,285.06195,0.00005,285.06200,0.00003,7500,3.3e+07,D,8612.955,43682.737,5s2.5p2,1D,2,5s2.5p.5d,3F*,2,,T4515,"L3149,L7378",
Sn,1,286.33147,0.00012,286.33166,0.00008,10000r,5.4e+07,D,0.000,34914.282,5s2.5p2,3P,0,5s2.5p.6s,3P*,1,,T4515,"L3149,L7378",
Sn,2,286.861,0.003,286.8577,0.0025,210,,,71406.142,106256.4,5s2.5d,2D,3/2,5s2.9p,2P*,1/2,,,L17864,
Sn,3,289.607,0.006,289.596,0.004,75,,,128205.90,162726.6,4d10.5p2,1D,2,4d10.5s.6p,1P*,1,,,L17864,
Sn,2,291.282,0.010,291.274,0.003,220,,,72048.260,106370.2,5s2.5d,2D,5/2,5s2.9p,2P*,3/2,,,L3368,
Sn,1,291.35593,0.00007,291.35605,0.00007,2700,8.3e+07,D,17162.499,51474.718,5s2.5p2,1S,0,5s2.5p.6d,3D*,1,,T4515,"L3149,L7378",
Sn,2,291.986,0.003,291.987,0.003,610,2.4e+07,D+,71493.273,105731.3,5s2.6p,2P*,1/2,5s2.8d,2D,3/2,,T9352,L17864,
Sn,2,294.330,0.003,294.330,0.003,190,,,71406.142,105371.7,5s2.5d,2D,3/2,5s2.6f,2F*,5/2,,,L17864,
Sn,2,294.954,0.003,294.9533,0.0017,400,,,90351.894,124245.66,5s2.6d,2D,5/2,5s.5p.(3P*).5d,4P*,3/2,,,L17864,
Sn,2,299.099,0.003,299.09965,0.00008,220,9.1e+05,C+,58844.181,92268.106,5s.5p2,2D,3/2,5s2.7p,2P*,3/2,,T8718,L17864,
Sn,2,299.446,0.003,299.4451,0.0021,790,2.7e+07,D+,72377.4484,105762.82,5s2.6p,2P*,3/2,5s2.8d,2D,5/2,,T9352,L17864,
Sn,2,299.71,0.03,299.728,0.003,110,,,72377.4484,105731.3,5s2.6p,2P*,3/2,5s2.8d,2D,3/2,,,L3368,
Sn,1,300.91333,0.00009,300.91335,0.00005,12000r,3.8e+07,D,1691.806,34914.282,5s2.5p2,3P,1,5s2.5p.6s,3P*,1,,T4515,"L3149,L7378",
Sn,2,301.241,0.005,301.2519,0.0009,260,,,71493.273,104678.41,5s2.6p,2P*,1/2,5s2.9s,2S,1/2,,,L17864,
Sn,2,302.392,0.003,302.39444,0.00014,450,7.8e+06,C+,58844.181,91903.945,5s.5p2,2D,3/2,5s2.7p,2P*,1/2,,T8718,L17864,
Sn,1,303.27778,0.00009,303.27782,0.00006,3300,6.2e+07,D,17162.499,50125.971,5s2.5p2,1S,0,5s2.5p.5d,1P*,1,,T4515,"L3149,L7378",
Sn,1,303.41150,0.00011,303.41148,0.00005,10000r,2.0e+08,D,1691.806,34640.758,5s2.5p2,3P,1,5s2.5p.6s,3P*,0,,T4515,"L3149,L7378",
Sn,2,304.744,0.003,304.74642,0.00009,680,6.8e+06,B+,59463.481,92268.106,5s.5p2,2D,5/2,5s2.7p,2P*,3/2,,T8718,L17864,
Sn,2,309.468,0.011,309.4985,0.0009,930,,,72377.4484,104678.41,5s2.6p,2P*,3/2,5s2.9s,2S,1/2,,,L3368,
Sn,2,310.125,0.016,310.140,0.004,480,,,81718.3,113952.44,5s.5p2,2P,3/2,5s.5p.(3P*).6s,2P*,1/2,,,L17864,
Sn,1,314.18232,0.00006,314.18232,0.00007,2500,1.9e+07,D,17162.499,48981.934,5s2.5p2,1S,0,5s2.5p.5d,3P*,1,,T4515,"L3149,L7378",
Sn,1,317.50354,0.00010,317.50348,0.00005,15000r,1.0e+08,D,3427.673,34914.282,5s2.5p2,3P,2,5s2.5p.6s,3P*,1,,T4515,"L3149,L7378",
Sn,1,321.86805,0.00007,321.86807,0.00007,780,4.7e+06,D,17162.499,48222.159,5s2.5p2,1S,0,5s2.5p.7s,3P*,1,,T4515,"L3149,L7378",
Sn,1,322.35697,0.00005,322.35701,0.00005,950,1.2e+05,D,8612.955,39625.506,5s2.5p2,1D,2,5s.5p3,5S*,2,,T4515,"L3149,L7378",
Sn,1,326.23310,0.00006,326.23305,0.00004,15000r,2.7e+08,D,8612.955,39257.053,5s2.5p2,1D,2,5s2.5p.6s,1P*,1,,T4515,"L3149,L7378",
Sn,2,328.31399,0.00009,328.31399,0.00006,15000,1.70e+08,B+,58844.181,89294.055,5s.5p2,2D,3/2,5s2.4f,2F*,5/2,,T8718,L3149,
Sn,1,333.06072,0.00007,333.06073,0.00004,4700,2.0e+07,D,8612.955,38628.876,5s2.5p2,1D,2,5s2.5p.6s,3P*,2,,T4515,"L3149,L7378",
Sn,2,335.13,,335.13021,0.00008,13000:,1.21e+07,B+,59463.481,89294.055,5s.5p2,2D,5/2,5s2.4f,2F*,5/2,,T8718,L18529,
Sn,2,335.19523,0.00012,335.19538,0.00008,13000,1.82e+08,B+,59463.481,89288.255,5s.5p2,2D,5/2,5s2.4f,2F*,7/2,,T8718,L3149,
Sn,2,335.55,0.03,335.496,0.005,87,,,71406.142,101204.2,5s2.5d,2D,3/2,5s2.8p,2P*,1/2,,,L3368,
Sn,3,339.193,0.020,339.186,0.007,437,,,160216.8,189690.7,4d10.5s.6p,3P*,1,4d10.5s.6d,1D,2,,,L17864,
Sn,2,340.741,0.012,340.7442,0.0019,350,,,72048.260,101387.37,5s2.5d,2D,5/2,5s2.8p,2P*,3/2,,,L3368,
Sn,2,347.2333,0.0003,347.23329,0.00012,1700,4.5e+07,D+,71493.273,100284.111,5s2.6p,2P*,1/2,5s2.7d,2D,3/2,,T9352,L3149,
Sn,2,353.747,0.013,353.75363,0.00013,660,3.6e+06,D,71406.142,99666.327,5s2.5d,2D,3/2,5s2.5f,2F*,5/2,,T7306,L3368,
Sn,2,357.53255,0.00012,357.53255,0.00012,2100,5.0e+07,D+,72377.4484,100338.947,5s2.6p,2P*,3/2,5s2.7d,2D,5/2,,T9352,L3149,
Sn,2,358.23511,0.00014,358.23511,0.00013,440,8.3e+06,D+,72377.4484,100284.111,5s2.6p,2P*,3/2,5s2.7d,2D,3/2,,T9352,L3149,
Sn,3,359.835,0.022,359.817,0.009,210,,,160216.8,188000.8,4d10.5s.6p,3P*,1,4d10.5s.6d,3D,2,,,L17864,
Sn,3,360.884,0.022,360.886,0.008,182,,,160216.8,187918.5,4d10.5s.6p,3P*,1,4d10.5s.6d,3D,1,,,L17864,
Sn,2,361.268,0.022,361.271,0.003,110,,,86280.318,113952.44,5s2.7s,2S,1/2,5s.5p.(3P*).6s,2P*,1/2,,,"L17864,L18891",
Sn,2,361.996,0.013,361.97860,0.00012,240,6.2e+06,D,72048.260,99666.327,5s2.5d,2D,5/2,5s2.5f,2F*,5/2,,T7306,L3368,
Sn,2,362.04854,0.00015,362.04872,0.00010,530,2.0e+06,E,72048.260,99660.978,5s2.5d,2D,5/2,5s2.5f,2F*,7/2,,T3675,L3149,
Sn,1,365.57764,0.00011,365.57767,0.00007,1300,4.1e+06,D,17162.499,44508.677,5s2.5p2,1S,0,5s2.5p.5d,3D*,1,,T4515,"L3149,L7378",
Sn,3,370.761,0.023,370.758,0.008,177,,,162726.6,189690.7,4d10.5s.6p,1P*,1,4d10.5s.6d,1D,2,,,L17864,
Sn,2,371.51524,0.00011,371.51527,0.00010,500,1.6e+07,D+,71493.273,98402.412,5s2.6p,2P*,1/2,5s2.8s,2S,1/2,,T9352,L3149,
Sn,3,372.975,0.024,372.980,0.017,216,,,179306.9,206110.4,4d10.4f.5s,3F*,2,4d10.5s.5g,3G,3,,,L17864,
Sn,3,373.488,0.024,373.491,0.017,168*,,,179343.62,206110.4,4d10.4f.5s,3F*,3,4d10.5s.5g,3G,3,,,L17864,
Sn,3,373.488,0.024,373.491,0.024,168*,,,179343.62,206110.4,4d10.4f.5s,3F*,3,4d10.5s.5g,3G,4,,,L17864,
Sn,3,373.983,0.024,373.958,0.014,212,,,159940.7,186674.1,4d10.5s.6p,3P*,0,4d10.5s.7s,3S,1,,,L17864,
Sn,3,374.525,0.024,374.503,0.015,165*,,,161439.5,188134.0,4d10.5s.6p,3P*,2,4d10.5s.6d,3D,3,,,L17864,
Sn,3,374.525,0.024,374.52,0.03,165*,,,179441.8,206135?,4d10.4f.5s,3F*,4,4d10.5s.5g,3G,5,,,L17864,
Sn,3,374.644,0.024,374.644,0.017,171,,,179441.8,206126.2,4d10.4f.5s,3F*,4,4d10.5s.5g,1G,4,,,L17864,
Sn,3,376.389,0.024,376.381,0.014,184,,,161439.5,188000.8,4d10.5s.6p,3P*,2,4d10.5s.6d,3D,2,,,L17864,
Sn,3,377.880,0.024,377.860,0.010,242,,,160216.8,186674.1,4d10.5s.6p,3P*,1,4d10.5s.7s,3S,1,,,L17864,
Sn,3,378.355,0.024,378.355,0.017,202,,,179703.52,206126.2,4d10.4f.5s,1F*,3,4d10.5s.5g,1G,4,,,L17864,
Sn,3,378.587,0.024,378.582,0.017,215,,,179703.52,206110.4,4d10.4f.5s,1F*,3,4d10.5s.5g,3G,3,,,L17864,
Sn,3,378.587,0.024,378.582,0.024,215,,,179703.52,206110.4,4d10.4f.5s,1F*,3,4d10.5s.5g,3G,4,,,L17864,
Sn,1,380.10108,0.00007,380.10104,0.00005,6900r,2.8e+07,D,8612.955,34914.282,5s2.5p2,1D,2,5s2.5p.6s,3P*,1,,T4515,"L3149,L7378",
Sn,2,384.13756,0.00014,384.13749,0.00009,440,2.9e+07,D+,72377.4484,98402.412,5s2.6p,2P*,3/2,5s2.8s,2S,1/2,,T9352,L3149,
Sn,3,390.68,0.03,390.698,0.003,170,,,154115.52,179703.52,4d10.5s.5d,1D,2,4d10.4f.5s,1F*,3,,,L17864,
Sn,3,396.20,0.03,396.169,0.015,231,,,161439.5,186674.1,4d10.5s.6p,3P*,2,4d10.5s.7s,3S,1,,,L17864,
Sn,2,398.46,0.04,398.45,0.05,190*,2.4e+06,D+,89288.255,114378.1,5s2.4f,2F*,7/2,5s2.11g,2G,9/2,,T9352,L3368,
Sn,2,398.46,0.04,398.45,0.05,190*,8.e+04,E,89288.255,114378.1,5s2.4f,2F*,7/2,5s2.11g,2G,7/2,,T9352,L3368,
Sn,2,399.43,0.04,399.4239,0.0003,17,,,46464.290,71493.273,5s.5p2,4P,1/2,5s2.6p,2P*,1/2,,,L3368,
Sn,2,411.03,0.04,411.03,0.03,180*,3.4e+06,D+,89288.255,113610.5,5s2.4f,2F*,7/2,5s2.10g,2G,9/2,,T9352,L3368,
Sn,2,411.03,0.04,411.03,0.03,180*,1.2e+05,E,89288.255,113610.5,5s2.4f,2F*,7/2,5s2.10g,2G,7/2,,T9352,L3368,
Sn,2,411.13,0.04,411.13,0.03,180,3.3e+06,D+,89294.055,113610.5,5s2.4f,2F*,5/2,5s2.10g,2G,7/2,,T9352,L3368,
Sn,2,416.48,0.03,416.476,0.004,28,,,90241.554,114245.75,5s2.6d,2D,3/2,5s.5p.(3P*).6s,4P*,5/2,,,L17864,
Sn,2,417.22,0.03,417.218,0.003,31,,,100284.111,124245.66,5s2.7d,2D,3/2,5s.5p.(3P*).5d,4P*,3/2,,,L17864,
Sn,2,421.62,0.06,421.628,0.004,36bl(Sn IV),,,90241.554,113952.44,5s2.6d,2D,3/2,5s.5p.(3P*).6s,2P*,1/2,,,"L17864,L18891",
Sn,2,429.33,0.04,429.327,0.015,170*,1.8e+05,E,89288.255,112574.0,5s2.4f,2F*,7/2,5s2.9g,2G,7/2,,T9352,L3368,
Sn,2,429.33,0.04,429.327,0.015,170*,5.1e+06,D+,89288.255,112574.0,5s2.4f,2F*,7/2,5s2.9g,2G,9/2,,T9352,L3368,
Sn,2,429.433,0.015,429.433,0.015,340,4.9e+06,D+,89294.055,112574.0,5s2.4f,2F*,5/2,5s2.9g,2G,7/2,,T9352,L3368,
Sn,2,432.30925,0.00013,432.30922,0.00013,6,7.0e+04,D+,48368.185,71493.273,5s.5p2,4P,3/2,5s2.6p,2P*,1/2,,T8718,L3149,
Sn,3,433.02,0.03,433.013,0.010,309,,,139639.10,162726.6,4d10.5s.6s,3S,1,4d10.5s.6p,1P*,1,,,L17864,
Sn,1,452.47344,0.00008,452.47334,0.00009,2200,2.6e+07,D,17162.499,39257.053,5s2.5p2,1S,0,5s2.5p.6s,1P*,1,,T4515,"L3149,L7378",
Sn,2,457.37,0.04,457.432,0.023,120,,,89288.255,111143.3,5s2.4f,2F*,7/2,5s2.10d,2D,5/2,,,L17864,
Sn,2,457.50,0.04,457.553,0.023,91,,,89294.055,111143.3,5s2.4f,2F*,5/2,5s2.10d,2D,5/2,,,L17864,
Sn,2,457.906,0.013,457.903,0.008,150*,8.0e+06,D+,89288.255,111120.8,5s2.4f,2F*,7/2,5s2.8g,2G,9/2,,T9352,L3368,
Sn,2,457.906,0.013,457.903,0.008,150*,2.9e+05,E,89288.255,111120.8,5s2.4f,2F*,7/2,5s2.8g,2G,7/2,,T9352,L3368,
Sn,2,458.022,0.013,458.025,0.008,140,7.7e+06,D+,89294.055,111120.8,5s2.4f,2F*,5/2,5s2.8g,2G,7/2,,T9352,L3368,
Sn,3,458.58,0.04,458.579,0.014,53,,,139639.10,161439.5,4d10.5s.6s,3S,1,4d10.5s.6p,3P*,2,,,L17864,
Sn,2,461.82359,0.00010,461.82363,0.00011,90,6.4e+05,C+,50730.224,72377.4484,5s.5p2,4P,5/2,5s2.6p,2P*,3/2,,T8718,L3149,
Sn,3,467.07,0.04,467.046,0.012,241,,,141321.43,162726.6,4d10.5s.5d,3D,1,4d10.5s.6p,1P*,1,,,L17864,
Sn,3,471.58,0.04,471.558,0.013,164,,,141526.24,162726.6,4d10.5s.5d,3D,2,4d10.5s.6p,1P*,1,,,L17864,
Sn,2,477.61,0.04,477.598,0.009,48,,,80455.1,101387.37,5s.5p2,2P,1/2,5s2.8p,2P*,3/2,,,L17864,
Sn,2,479.20732,0.00019,479.20730,0.00016,62h,4.0e+05,C+,71406.142,92268.106,5s2.5d,2D,3/2,5s2.7p,2P*,3/2,,T8718,L3149,
Sn,3,485.84,0.04,485.827,0.009,89,,,139639.10,160216.8,4d10.5s.6s,3S,1,4d10.5s.6p,3P*,1,,,L17864,
Sn,2,487.7209,0.0003,487.7209,0.0003,100,5.6e+06,B+,71406.142,91903.945,5s2.5d,2D,3/2,5s2.7p,2P*,1/2,,T8718,L3149,
Sn,2,489.51,0.04,489.450,0.005,66,,,90351.894,110777.28,5s2.6d,2D,5/2,5s.5p.(3P*).6s,4P*,3/2,,,L17864,
Sn,2,491.71,0.04,491.78,0.03,83,3.4e+06,D+,92268.106,112596.9,5s2.7p,2P*,3/2,5s2.11d,2D,5/2,,T9352,L17864,
Sn,3,492.42,0.04,492.435,0.017,131,,,139639.10,159940.7,4d10.5s.6s,3S,1,4d10.5s.6p,3P*,0,,,L17864,
Sn,2,494.42562,0.00020,494.42561,0.00017,150,4.9e+06,B+,72048.260,92268.106,5s2.5d,2D,5/2,5s2.7p,2P*,3/2,,T8718,L3149,
Sn,1,497.9646,0.0006,497.96456,0.00011,18,,,34914.282,54990.431,5s2.5p.6s,3P*,1,5s2.5p.7p,1P,1,,,"L3149,L7378",
Sn,3,502.04,0.04,502.038,0.016,302,,,141526.24,161439.5,4d10.5s.5d,3D,2,4d10.5s.6p,3P*,2,,,L17864,
Sn,2,507.109,0.015,507.111,0.010,360*,1.4e+07,D+,89288.255,109002.3,5s2.4f,2F*,7/2,5s2.7g,2G,9/2,,T9352,L3368,
Sn,2,507.109,0.015,507.111,0.010,360*,5.e+05,E,89288.255,109002.3,5s2.4f,2F*,7/2,5s2.7g,2G,7/2,,T9352,L3368,
Sn,2,507.262,0.015,507.260,0.010,360,1.3e+07,D+,89294.055,109002.3,5s2.4f,2F*,5/2,5s2.7g,2G,7/2,,T9352,L3368,
Sn,3,510.03,0.04,510.022,0.017,145,,,141837.98,161439.5,4d10.5s.5d,3D,3,4d10.5s.6p,3P*,2,,,L17864,
Sn,1,510.45593,0.00019,510.45597,0.00015,17,,,34640.758,54225.628,5s2.5p.6s,3P*,0,5s2.5p.8p,3P,1,,,L3149,
Sn,1,516.01536,0.00021,516.01540,0.00025,11,,,34914.282,54288.152,5s2.5p.6s,3P*,1,5s2.5p.8p,3P,0,,,"L3149,L7378",
Sn,1,517.45348,0.00013,517.45326,0.00020,22,,,34914.282,54234.318,5s2.5p.6s,3P*,1,5s2.5p.8p,3D,2,,,"L3149,L7378",
Sn,3,522.50,0.05,522.464,0.016,225,,,143591.87,162726.6,4d10.5s.6s,1S,0,4d10.5s.6p,1P*,1,,,L17864,
Sn,3,529.12,0.05,529.083,0.011,448,,,141321.43,160216.8,4d10.5s.5d,3D,1,4d10.5s.6p,3P*,1,,,L17864,
Sn,2,533.23391,0.00016,533.23391,0.00011,1600,9.9e+07,B+,71493.273,90241.554,5s2.6p,2P*,1/2,5s2.6d,2D,3/2,,T8718,L3149,
Sn,3,534.91,0.05,534.881,0.012,271,,,141526.24,160216.8,4d10.5s.5d,3D,2,4d10.5s.6p,3P*,1,,,L17864,
Sn,3,536.94,0.05,536.929,0.021,421,,,141321.43,159940.7,4d10.5s.5d,3D,1,4d10.5s.6p,3P*,0,,,L17864,
Sn,2,556.19101,0.00016,556.19094,0.00015,2700,1.13e+08,B+,72377.4484,90351.894,5s2.6p,2P*,3/2,5s2.6d,2D,5/2,,T8718,L3149,
Sn,2,558.88152,0.00018,558.88153,0.00016,2600,7.8e+07,B+,71406.142,89294.055,5s2.5d,2D,3/2,5s2.4f,2F*,5/2,,T8718,L3149,
Sn,2,559.62644,0.00015,559.62636,0.00013,530h,1.91e+07,B+,72377.4484,90241.554,5s2.6p,2P*,3/2,5s2.6d,2D,3/2,,T8718,L3149,
Sn,1,563.16758,0.00010,563.16738,0.00014,270,2.4e+06,D,17162.499,34914.282,5s2.5p2,1S,0,5s2.5p.6s,3P*,1,,T4515,"L3149,L7378",
Sn,1,575.35531,0.00013,575.35535,0.00015,10,,,39257.053,56632.797,5s2.5p.6s,1P*,1,5s2.5p.4f,3D,2,,,"L3149,L7378",
Sn,1,576.17295,0.00015,576.17284,0.00015,11,,,34914.282,52265.373,5s2.5p.6s,3P*,1,5s2.5p.4f,1D,2,,,"L3149,L7378",
Sn,2,579.69078,0.00015,579.69075,0.00013,490,5.1e+06,B+,72048.260,89294.055,5s2.5d,2D,5/2,5s2.4f,2F*,5/2,,T8718,L3149,
Sn,2,579.8860,0.0003,579.88578,0.00017,2700,7.7e+07,B+,72048.260,89288.255,5s2.5d,2D,5/2,5s2.4f,2F*,7/2,,T8718,L3149,
Sn,1,592.53039,0.00019,592.53038,0.00016,25,,,38628.876,55500.973,5s2.5p.6s,3P*,2,5s2.5p.7p,1D,2,,,"L3149,L7378",
Sn,1,593.40058,0.00018,593.40061,0.00022,11,,,39257.053,56104.407,5s2.5p.6s,1P*,1,5s2.5p.7p,1S,0,,,L3149,
Sn,2,596.584,0.006,596.578,0.005,470H,7.6e+06,D+,92268.106,109025.72,5s2.7p,2P*,3/2,5s2.9d,2D,5/2,,T9352,L3149,
Sn,1,597.02915,0.00012,597.02927,0.00016,45,9.6e+06,D,38628.876,55373.835,5s2.5p.6s,3P*,2,5s2.5p.7p,3S,1,,T4515,"L3149,L7378",
Sn,3,601.32,0.06,601.340,0.014,419,,,143591.87,160216.8,4d10.5s.6s,1S,0,4d10.5s.6p,3P*,1,,,L17864,
Sn,1,603.76043,0.00018,603.76046,0.00016,59,5.0e+06,D,38628.876,55187.151,5s2.5p.6s,3P*,2,5s2.5p.7p,3P,2,,T4515,"L3149,L7378",
Sn,1,605.46738,0.00021,605.46733,0.00016,75,,,38628.876,55140.472,5s2.5p.6s,3P*,2,5s2.5p.7p,3D,3,,,"L3149,L7378",
Sn,1,606.9117,0.0003,606.91169,0.00018,95,4.6e+06,D,34640.758,51113.059,5s2.5p.6s,3P*,0,5s2.5p.7p,3P,1,,T4515,"L3149,L7378",
Sn,1,607.3266,0.0004,607.32652,0.00020,45,6.3e+06,D,34914.282,51375.332,5s2.5p.6s,3P*,1,5s2.5p.7p,3P,0,,T4515,"L3149,L7378",
Sn,2,607.76331,0.00019,607.76304,0.00015,1500*,2.7e+07,D+,89288.255,105737.482,5s2.4f,2F*,7/2,5s2.6g,2G,9/2,,T9352,L3149,
Sn,2,607.76331,0.00019,607.76304,0.00015,1500*,1.0e+06,D+,89288.255,105737.482,5s2.4f,2F*,7/2,5s2.6g,2G,7/2,,T9352,L3149,
Sn,2,607.97696,0.00024,607.97742,0.00018,1400,2.6e+07,D+,89294.055,105737.482,5s2.4f,2F*,5/2,5s2.6g,2G,7/2,,T9352,L3149,
Sn,1,614.96035,0.00023,614.96038,0.00014,140,,,34914.282,51170.993,5s2.5p.6s,3P*,1,5s2.5p.7p,3D,2,,,"L3149,L7378",
Sn,1,615.44455,0.00015,615.44463,0.00017,70,,,39257.053,55500.973,5s2.5p.6s,1P*,1,5s2.5p.7p,1D,2,,,"L3149,L7378",
Sn,1,617.15980,0.00019,617.15977,0.00017,58,4.9e+06,D,34914.282,51113.059,5s2.5p.6s,3P*,1,5s2.5p.7p,3P,1,,T4515,"L3149,L7378",
Sn,1,620.3509,0.0003,620.35075,0.00019,13,,,34640.758,50756.212,5s2.5p.6s,3P*,0,5s2.5p.7p,3D,1,,,"L3149,L7378",
Sn,2,624.21,0.07,624.113,0.016,380,,,90351.894,106370.2,5s2.6d,2D,5/2,5s2.9p,2P*,3/2,,,L17864,
Sn,1,631.06169,0.00018,631.06171,0.00018,38,,,34914.282,50756.212,5s2.5p.6s,3P*,1,5s2.5p.7p,3D,1,,,"L3149,L7378",
Sn,1,635.41577,0.00016,635.41573,0.00018,16,,,39257.053,54990.431,5s2.5p.6s,1P*,1,5s2.5p.7p,1P,1,,,"L3149,L7378",
Sn,2,642.84,0.07,642.908,0.010,760,,,98402.412,113952.44,5s2.8s,2S,1/2,5s.5p.(3P*).6s,2P*,1/2,,,"L17864,L18891",
Sn,2,645.35422,0.00012,645.35421,0.00013,2500,7.0e+07,B+,56886.363,72377.4484,5s2.6s,2S,1/2,5s2.6p,2P*,3/2,,T8718,L3149,
Sn,2,656.97,0.07,656.851,0.013,830,,,109025.72,124245.66,5s2.9d,2D,5/2,5s.5p.(3P*).5d,4P*,3/2,,,L17864,
Sn,2,666.11,0.08,666.11,0.08,1000,1.6e+07,D+,90351.894,105360.3,5s2.6d,2D,5/2,5s2.6f,2F*,7/2,,T9352,L17864,
Sn,2,676.0812,0.0003,676.08103,0.00023,840,3.82e+07,B+,71493.273,86280.318,5s2.6p,2P*,1/2,5s2.7s,2S,1/2,,T8718,L3149,
Sn,2,684.41859,0.00020,684.41863,0.00014,1300,6.0e+07,B+,56886.363,71493.273,5s2.6s,2S,1/2,5s2.6p,2P*,1/2,,T8718,L3149,
Sn,3,690.37,0.08,690.47,0.03,538,,,188000.8,202479.76,4d10.5s.6d,3D,2,4d10.5s.5f,3F*,3,,,L17864,
Sn,1,692.4356,0.0006,692.4359,0.0005,11,,,42342.216,56780.004,5s2.5p.6p,3D,1,5s2.5p.9d,3F*,2,,,L3149,
Sn,3,707.93,0.09,707.927,0.025,485,,,187918.5,202040.35,4d10.5s.6d,3D,1,4d10.5s.5f,3F*,2,,,L17864,
Sn,2,719.0776,0.0003,719.07778,0.00026,1100,7.2e+07,B+,72377.4484,86280.318,5s2.6p,2P*,3/2,5s2.7s,2S,1/2,,T8718,L3149,
Sn,3,720.06,0.09,719.90,0.09,373,,,195375.0,209261.9,4d10.5s.7p,3P*,1,4d10.5s.7d,1D,2,,,L17864,
Sn,2,723.01,0.09,723.005,0.016,670,1.2e+07,D+,91903.945,105731.3,5s2.7p,2P*,1/2,5s2.8d,2D,3/2,,T9352,L17864,
Sn,2,731.45,0.09,731.417,0.012,500,,,100284.111,113952.44,5s2.7d,2D,3/2,5s.5p.(3P*).6s,2P*,1/2,,,"L17864,L18891",
Sn,3,734.72,0.09,734.78,0.03,58,,,189690.7,203296.50,4d10.5s.6d,1D,2,4d10.5s.5f,1F*,3,,,L17864,
Sn,2,738.71651,0.00024,738.71637,0.00016,480,2.27e+06,B+,58844.181,72377.4484,5s.5p2,2D,3/2,5s2.6p,2P*,3/2,,T8718,L3149,
Sn,1,739.8570,0.0004,739.8568,0.0003,14,,,42342.216,55854.623,5s2.5p.6p,3D,1,5s2.5p.8d,3F*,2,,,"L3149,L7378",
Sn,2,740.822,0.021,740.827,0.013,380,1.3e+07,D+,92268.106,105762.82,5s2.7p,2P*,3/2,5s2.8d,2D,5/2,,T9352,L3368,
Sn,3,757.22,0.10,756.89,0.09,53,,,196053.57,209261.9,4d10.5s.7p,1P*,1,4d10.5s.7d,1D,2,,,L17864,
Sn,1,768.52703,0.00024,768.5272,0.0003,17,,,39257.053,52265.373,5s2.5p.6s,1P*,1,5s2.5p.4f,1D,2,,,"L3149,L7378",
Sn,2,772.96,0.10,772.83,0.07,450,,,99660.978,112596.9,5s2.5f,2F*,7/2,5s2.11d,2D,5/2,,,L17864,
Sn,3,774.03,0.10,774.11,0.08,40,,,195864.9,208779.4,4d10.5s.7p,3P*,2,4d10.5s.7d,3D,3,,,L17864,
Sn,2,774.1425,0.0003,774.1423,0.0003,500,1.89e+07,B+,59463.481,72377.4484,5s.5p2,2D,5/2,5s2.6p,2P*,3/2,,T8718,L3149,
Sn,1,775.4881,0.0004,775.48803,0.00022,43,,,34914.282,47805.840,5s2.5p.6s,3P*,1,5s2.5p.6p,3S,1,,,"L3149,L7378",
Sn,2,782.597,0.009,782.596,0.006,190,4.7e+06,D+,91903.945,104678.41,5s2.7p,2P*,1/2,5s2.9s,2S,1/2,,T9352,L3149,
Sn,3,789.51,0.11,789.45,0.13,132,,,195298.9,207962.5,4d10.5s.7p,3P*,0,4d10.5s.8s,3S,1,,,L17864,
Sn,2,790.3532,0.0004,790.3532,0.0003,280,1.96e+07,B+,58844.181,71493.273,5s.5p2,2D,3/2,5s2.6p,2P*,1/2,,T8718,L3149,
Sn,1,791.0414,0.0003,791.0416,0.0004,11,,,39625.506,52263.589,5s.5p3,5S*,2,5s2.5p.4f,3F,3,,,"L3149,L7378",
Sn,1,802.9849,0.0007,802.9849,0.0005,41,,,43682.737,56132.848,5s2.5p.5d,3F*,2,5s2.5p.6f,1F,3,,,"L3149,L7378",
Sn,1,803.84910,0.00025,803.8489,0.0003,16,,,43368.634,55805.362,5s2.5p.6p,3P,1,5s2.5p.8d,3P*,2,,,"L3149,L7378",
Sn,2,805.572,0.009,805.561,0.006,53,8.6e+06,D+,92268.106,104678.41,5s2.7p,2P*,3/2,5s2.9s,2S,1/2,,T9352,L3149,
Sn,1,811.4030,0.0004,811.40335,0.00024,80,,,34914.282,47235.221,5s2.5p.6s,3P*,1,5s2.5p.6p,3P,2,,,"L3149,L7378",
Sn,1,812.0564,0.0003,812.0564,0.0004,19,,,43430.135,55741.165,5s2.5p.6p,3D,2,5s2.5p.8d,a 3F*,3,,,"L3149,L7378",
Sn,3,826.49,0.12,826.38,0.10,256,,,195864.9,207962.5,4d10.5s.7p,3P*,2,4d10.5s.8s,3S,1,,,L17864,
Sn,1,833.7656,0.0005,833.7656,0.0005,16,,,44144.368,56134.851,5s2.5p.5d,3D*,2,5s2.5p.6f,3F,3,,,"L3149,L7378",
Sn,1,834.93839,0.00021,834.9384,0.0003,19,,,44576.006,56549.647,5s2.5p.5d,3F*,3,5s2.5p.4f,3G,4,,,"L3149,L7378",
Sn,1,835.69779,0.00020,835.6979,0.0003,44,,,34640.758,46603.517,5s2.5p.6s,3P*,0,5s2.5p.6p,1P,1,,,"L3149,L7378",
Sn,1,839.1225,0.0003,839.1223,0.0003,22,,,39257.053,51170.993,5s2.5p.6s,1P*,1,5s2.5p.7p,3D,2,,,"L3149,L7378",
Sn,1,842.2624,0.0005,842.2620,0.0004,120,,,42342.216,54211.744,5s2.5p.6p,3D,1,5s2.5p.7d,3F*,2,,,"L3149,L7378",
Sn,1,855.2531,0.0003,855.2530,0.0003,170,,,34914.282,46603.517,5s2.5p.6s,3P*,1,5s2.5p.6p,1P,1,,,"L3149,L7378",
Sn,1,859.8367,0.0004,859.835,0.004,23,,,47235.221,58862.17?,5s2.5p.6p,3P,2,5s2.5p.7d,1F*,3,,,L3149,
Sn,1,864.8029,0.0005,864.8029,0.0006,24,,,44576.006,56136.159,5s2.5p.5d,3F*,3,5s2.5p.6f,3F,4,,,"L3149,L7378",
Sn,1,868.1882,0.0003,868.1882,0.0006,23,,,47006.830,58521.907,5s2.5p.6p,3D,3,5s2.5p.7d,3F*,4,,,"L3149,L7378",
Sn,1,890.7279,0.0003,890.7276,0.0004,18,,,43430.135,54653.830,5s2.5p.6p,3D,2,5s2.5p.7d,3F*,3,,,"L3149,L7378",
Sn,1,901.87288,0.00022,901.8729,0.0003,32,,,43682.737,54767.731,5s2.5p.5d,3F*,2,5s2.5p.5f,1F,3,,,"L3149,L7378",
Sn,2,905.8880,0.0004,905.8886,0.0003,2600*,6.8e+07,D+,89288.255,100324.111,5s2.4f,2F*,7/2,5s2.5g,2G,9/2,,T9352,L3149,
Sn,2,905.8880,0.0004,905.8886,0.0003,2600*,2.4e+06,D+,89288.255,100324.111,5s2.4f,2F*,7/2,5s2.5g,2G,7/2,,T9352,L3149,
Sn,2,906.3658,0.0005,906.3649,0.0004,2200,6.5e+07,D+,89294.055,100324.111,5s2.4f,2F*,5/2,5s2.5g,2G,7/2,,T9352,L3149,
Sn,1,941.0630,0.0006,941.0633,0.0003,44,,,44144.368,54767.731,5s2.5p.5d,3D*,2,5s2.5p.5f,1F,3,,,"L3149,L7378",
Sn,1,941.4949,0.0006,941.4948,0.0003,60,,,44144.368,54762.862,5s2.5p.5d,3D*,2,5s2.5p.5f,3F,3,,,"L3149,L7378",
Sn,1,961.6014,0.0004,961.6013,0.0005,110,,,43430.135,53826.604,5s2.5p.6p,3D,2,5s.5p3,3D*,3,,,"L3149,L7378",
Sn,1,974.0903,0.0005,974.0905,0.0003,48,,,43368.634,53631.806,5s2.5p.6p,3P,1,5s.5p3,3D*,2,,,"L3149,L7378",
Sn,1,974.2486,0.0008,974.2482,0.0005,87,,,44508.677,54770.188,5s2.5p.5d,3D*,1,5s2.5p.5f,3F,2,,,"L3149,L7378",
Sn,1,980.5184,0.0005,980.5183,0.0006,240,,,44576.006,54771.898,5s2.5p.5d,3F*,3,5s2.5p.5f,3F,4,,,"L3149,L7378",
Sn,1,985.0381,0.0003,985.0381,0.0004,400,,,39257.053,49406.162,5s2.5p.6s,1P*,1,5s2.5p.6p ,1S,0,,,"L3149,L7378",
Sn,1,1045.6386,0.0006,1045.6385,0.0004,120,,,38628.876,48189.791,5s2.5p.6s,3P*,2,5s2.5p.6p,1D,2,,,"L3149,L7378",
Sn,2,1060.7434,0.0006,1060.7429,0.0006,1300,4.9e+07,D+,90241.554,99666.327,5s2.6d,2D,3/2,5s2.5f,2F*,5/2,,T9352,L3149,
Sn,2,1073.9257,0.0006,1073.9254,0.0005,1200,5.1e+07,D+,90351.894,99660.978,5s2.6d,2D,5/2,5s2.5f,2F*,7/2,,T9352,L3149,
Sn,1,1080.7612,0.0005,1080.7614,0.0006,120,,,47145.684,56395.886,5s2.5p.5d,1D*,2,5s2.5p.4f,1F,3,,,"L3149,L7378",
Sn,1,1089.3868,0.0005,1089.3866,0.0004,450,,,38628.876,47805.840,5s2.5p.6s,3P*,2,5s2.5p.6p,3S,1,,,"L3149,L7378",
Sn,1,1119.1710,0.0005,1119.1711,0.0005,560,,,39257.053,48189.791,5s2.5p.6s,1P*,1,5s2.5p.6p,1D,2,,,"L3149,L7378",
Sn,1,1121.6703,0.0008,1121.6704,0.0007,88,,,47487.696,56400.530,5s2.5p.5d,3D*,3,5s2.5p.4f,3F,4,,,"L3149,L7378",
Sn,1,1133.6945,0.0004,1133.6945,0.0006,96,,,42342.216,51160.520,5s2.5p.6p,3D,1,5s2.5p.6d,3F*,2,,,"L3149,L7378",
Sn,1,1145.4407,0.0005,1145.4405,0.0005,520,,,34640.758,43368.634,5s2.5p.6s,3P*,0,5s2.5p.6p,3P,1,,,"L3149,L7378",
Sn,1,1161.6152,0.0005,1161.6154,0.0005,420,,,38628.876,47235.221,5s2.5p.6s,3P*,2,5s2.5p.6p,3P,2,,,"L3149,L7378",
Sn,1,1167.0746,0.0005,1167.0750,0.0006,230,,,43682.737,52248.822,5s2.5p.5d,3F*,2,5s2.5p.4f,3G,3,,,"L3149,L7378",
Sn,1,1169.4360,0.0007,1169.4365,0.0005,58,,,39257.053,47805.840,5s2.5p.6s,1P*,1,5s2.5p.6p,3S,1,,,"L3149,L7378",
Sn,1,1173.9591,0.0007,1173.9591,0.0004,520,,,34914.282,43430.135,5s2.5p.6s,3P*,1,5s2.5p.6p,3D,2,,,"L3149,L7378",
Sn,1,1182.4994,0.0008,1182.4991,0.0004,130,,,34914.282,43368.634,5s2.5p.6s,3P*,1,5s2.5p.6p,3P,1,,,"L3149,L7378",
Sn,1,1184.8219,0.0009,1184.8214,0.0014,100,,,47006.830,55444.611,5s2.5p.6p,3D,3,5s2.5p.6d,3F*,4,,,"L3149,L7378",
Sn,1,1185.3839,0.0014,1185.384,0.022,120,,,48107.27,56541.05,5s2.5p.5d,3F*,4,5s2.5p.4f,3G,5,,,L3149,
Sn,1,1193.2821,0.0012,1193.2823,0.0008,410,,,38628.876,47006.830,5s2.5p.6s,3P*,2,5s2.5p.6p,3D,3,,,"L3149,L7378",
Sn,1,1200.9397,0.0007,1200.9395,0.0008,190,,,43430.135,51754.671,5s2.5p.6p,3D,2,5s2.5p.6d,3F*,3,,,"L3149,L7378",
Sn,1,1231.3084,0.0006,1231.3083,0.0007,280,,,44144.368,52263.589,5s2.5p.5d,3D*,2,5s2.5p.4f,3F,3,,,"L3149,L7378",
Sn,1,1233.5524,0.0007,1233.5519,0.0007,100,,,44144.368,52248.822,5s2.5p.5d,3D*,2,5s2.5p.4f,3G,3,,,"L3149,L7378",
Sn,1,1253.0778,0.0005,1253.0778,0.0006,89,,,39257.053,47235.221,5s2.5p.6s,1P*,1,5s2.5p.6p,3P,2,,,"L3149,L7378",
Sn,1,1253.6310,0.0013,1253.6320,0.0006,77,,,38628.876,46603.517,5s2.5p.6s,3P*,2,5s2.5p.6p,1P,1,,,"L3149,L7378",
Sn,1,1278.92,0.03,1278.9205,0.0012,100,,,48669.409,56486.365,5s2.5p.5d,3P*,2,5s2.5p.4f,3D,3,,,"L3149,L7378",
Sn,1,1288.867,0.012,1288.8562,0.0008,220,,,44508.677,52265.373,5s2.5p.5d,3D*,1,5s2.5p.4f,1D,2,,,"L3149,L7378",
Sn,1,1298.1009,0.0009,1298.1004,0.0006,180,,,34640.758,42342.216,5s2.5p.6s,3P*,0,5s2.5p.6p,3D,1,,,"L3149,L7378",
Sn,1,1300.03,0.07,1299.836,0.008,160bl,,,51170.993,58862.17?,5s2.5p.7p,3D,2,5s2.5p.7d,1F*,3,,,L7378,
Sn,1,1300.41,0.03,1300.4433,0.0008,46,,,44576.006,52263.589,5s2.5p.5d,3F*,3,5s2.5p.4f,3F,3,,,L3149,
Sn,1,1302.021,0.022,1302.020,0.022,430,,,44576.006,52254.28,5s2.5p.5d,3F*,3,5s2.5p.4f,1G,4,,,"L3149,L7378",
Sn,1,1308.148,0.024,1308.1483,0.0012,170,,,43368.634,51010.937,5s2.5p.6p,3P,1,5s2.5p.6d,3D*,2,,,"L3149,L7378",
Sn,1,1345.923,0.013,1345.9013,0.0005,230,,,34914.282,42342.216,5s2.5p.6s,3P*,1,5s2.5p.6p,3D,1,,,"L3149,L7378",
Sn,1,1360.80,0.03,1360.8270,0.0007,160,,,39257.053,46603.517,5s2.5p.6s,1P*,1,5s2.5p.6p,1P,1,,,"L3149,L7378",
Sn,1,1465.93,0.03,1465.9236,0.0015,28,,,47006.830,53826.604,5s2.5p.6p,3D,3,5s.5p3,3D*,3,,,L3149,
Sn,1,1479.48,0.03,1479.4686,0.0012,32*,,,43368.634,50125.971,5s2.5p.6p,3P,1,5s2.5p.5d,1P*,1,,,"L3149,L7378",
Sn,1,1479.48,0.03,1479.5,0.5,32*,,,54990.431,61747.4,5s2.5p.7p,1P,1,5s2.5p.10d,1P*,1,,,"L3149,L7378",
Sn,1,1502.02,0.03,1502.0331,0.0021,63,,,49893.823,56549.647,5s2.5p.5d,1F*,3,5s2.5p.4f,3G,4,,,"L3149,L7378",
Sn,1,1505.67,0.03,1505.6766,0.0014,25,,,42342.216,48981.934,5s2.5p.6p,3D,1,5s2.5p.5d,3P*,1,,,"L3149,L7378",
Sn,1,1516.71,0.03,1516.7178,0.0013,27,,,47235.221,53826.604,5s2.5p.6p,3P,2,5s.5p3,3D*,3,,,L3149,
Sn,1,1536.40,0.03,1536.4278,0.0015,28,,,50125.971,56632.797,5s2.5p.5d,1P*,1,5s2.5p.4f,3D,2,,,"L3149,L7378",
Sn,1,1546.68,0.03,1546.5978,0.0012,90*,,,48189.791,54653.830,5s2.5p.6p,1D,2,5s2.5p.7d,3F*,3,,,"L3149,L7378",
Sn,1,1546.68,0.03,1546.6817,0.0022,90*,,,43430.135,49893.823,5s2.5p.6p,3D,2,5s2.5p.5d,1F*,3,,,"L3149,L7378",
Sn,1,1575.28,0.07,1575.160,0.010,75,,,51170.993,57517.82,5s2.5p.7p,3D,2,5s2.5p.10d,a 3F*,3,,,"L3149,L7378",
Sn,1,1638.00,0.07,1638.0064,0.0018,34,,,46603.517,52706.832,5s2.5p.6p,1P,1,5s2.5p.7s,1P*,1,,,"L3149,L7378",
Sn,1,1700.24,0.07,1700.2324,0.0016,22,,,42342.216,48222.159,5s2.5p.6p,3D,1,5s2.5p.7s,3P*,1,,,"L3149,L7378",
Sn,1,1773.57,0.07,1773.5678,0.0018,23,,,48189.791,53826.604,5s2.5p.6p,1D,2,5s.5p3,3D*,3,,,L3149,
Sn,1,1774.47,0.16,1774.484,0.003,19,,,50756.212,56390.113,5s2.5p.7p,3D,1,5s2.5p.10s,3P*,1,,,L7378,
Sn,1,1780.98,0.07,1780.9969,0.0020,9,,,43368.634,48981.934,5s2.5p.6p,3P,1,5s2.5p.5d,3P*,1,,,"L3149,L7378",
Sn,1,1848.22,0.07,1848.250,0.004,33,,,47006.830,52415.877,5s2.5p.6p,3D,3,5s2.5p.7s,3P*,2,,,L3149,
Sn,1,1886.08,0.07,1886.002,0.003,10,,,43368.634,48669.409,5s2.5p.6p,3P,1,5s2.5p.5d,3P*,2,,,L3149,
Sn,1,1929.87,0.07,1929.731,0.004,17,,,47235.221,52415.877,5s2.5p.6p,3P,2,5s2.5p.7s,3P*,2,,,L3149,
element,sp_num,obs_wl_vac(nm),unc_obs_wl,ritz_wl_vac(nm),unc_ritz_wl,intens,Aki(s^-1),Acc,Ei(cm-1),Ek(cm-1),conf_i,term_i,J_i,conf_k,term_k,J_k,Type,tp_ref,line_ref,
Sn,1,2062.83,0.07,2062.825,0.006,17,,,43368.634,48216.356,5s2.5p.6p,3P,1,5s2.5p.7s,3P*,0,,,"L3149,L7378",
Sn,1,2085.46,0.07,2085.516,0.003,13,,,51754.671,56549.647,5s2.5p.6d,3F*,3,5s2.5p.4f,3G,4,,,L3149,
Sn,1,2086.79,0.07,2086.8009,0.0023,37,,,43430.135,48222.159,5s2.5p.6p,3D,2,5s2.5p.7s,3P*,1,,,"L3149,L7378",
Sn,1,2169.18,0.07,2169.180,0.005,18,,,47805.840,52415.877,5s2.5p.6p,3S,1,5s2.5p.7s,3P*,2,,,"L3149,L7378",
Sn,1,2213.77,0.07,2213.839,0.003,14,,,48189.791,52706.832,5s2.5p.6p,1D,2,5s2.5p.7s,1P*,1,,,"L3149,L7378",

